stock_id,近一日收盤價,近一季股本,近一季合約負債_流動,當月營收,rev_year_growth_營收年增率,rev_month_growth_營收月增率,累計營收,近3月平均營收,近12月平均營收,近一季營業毛利率,最近一季營業毛利年增率,近一季營業利益率,近一季營業利益年增率,近一季稅後淨利率,近一季稅後淨利率,近一季稅後淨利年增率,近一季每股盈餘EPS,eps_growth_rate_EPS年增率,近一日殖利率,近一季存貨,最近一日外資買賣超張數,最近一日投信買賣超張數,name,category,A+B+C+D+E,外資+投信
2250,10,10,10,9,9,1,9,9,10,10,10,10,10,9,9,9,9,10,9,7,9,6,無資料,無資料,48,15
8210,10,7,10,8,6,1,5,10,10,4,10,9,10,7,7,10,10,10,2,8,2,6,勤誠,"['雲端運算', '雲端運算:伺服器', '電腦及週邊設備', '電腦及週邊設備:機殼']",46,8
8112,10,10,4,9,9,7,6,9,9,10,10,10,9,10,10,10,9,9,3,9,3,1,至上,"['半導體', '半導體:IC通路']",47,4
2061,7,1,6,3,1,1,4,4,4,2,6,7,5,6,6,5,6,4,4,1,10,6,風青,"['其他', '其他:其他']",21,16
8103,8,6,6,5,2,1,3,6,8,9,6,4,8,2,2,3,2,3,2,3,2,6,瀚荃,"['連接器', '連接器:連接器設計、組裝及製造', '電腦及週邊設備', '電腦及週邊設備:連接線']",22,8
3138,8,10,6,9,2,3,6,9,9,9,9,8,10,8,8,1,8,1,9,8,2,6,耀登,"['太空衛星科技', '太空衛星科技:低軌衛星', '通信網路', '通信網路:其他零組件']",23,8
5009,9,10,6,8,4,2,3,9,10,8,3,9,3,10,10,5,10,5,9,9,2,6,榮剛,"['航太週邊', '航太週邊:航空零組件', '鋼鐵', '鋼鐵:不鏽鋼棒線', '鋼鐵:不鏽鋼胚', '鋼鐵:鋼胚']",20,8
6806,10,9,10,10,9,1,9,10,10,7,10,10,9,9,9,10,10,9,9,9,10,10,森崴能源,"['太陽能產業', '太陽能產業:太陽能發電設備_系統及系統工程', '太陽能產業:太陽能電廠', '風力發電', '風力發電:發電營運', '風力發電:風場營造', '風力發電:風場規劃', '風力發電:風場開發', '風力發電:風機維護']",47,20
6873,10,10,9,10,1,10,10,10,10,10,1,10,10,10,10,9,10,2,10,10,10,6,泓德能源-創,"['太陽能產業', '太陽能產業:太陽能發電設備_系統及系統工程', '太陽能產業:太陽能電廠', '智慧電網', '智慧電網:系統整合服務', '智慧電網:能源管理服務', '智慧電網:電力零售業', '風力發電', '風力發電:發電營運', '風力發電:風場開發']",23,16
8299,10,10,9,9,8,3,4,9,9,10,9,3,8,8,8,10,9,10,2,10,2,9,群聯,"['半導體', '半導體:IC模組', '半導體:IC通路', '半導體:IP設計_IC設計代工服務', '半導體:記憶體控制IC', '電腦及週邊設備', '電腦及週邊設備:其他電腦及週邊設備之零組件', '電腦及週邊設備:記憶體', '電腦及週邊設備:隨身碟、記憶卡讀卡機']",45,11
5450,8,8,6,7,4,2,5,8,8,4,5,5,8,5,5,7,5,4,9,6,10,6,南良,"['紡織', '紡織:成衣及其它家居紡織類品']",28,16
1909,6,10,4,7,2,1,6,7,8,3,10,3,10,4,4,8,4,3,2,5,4,5,榮成,"['造紙', '造紙:紙漿、紙類原料']",33,9
8442,10,10,6,8,2,1,7,9,9,9,2,10,7,9,9,3,9,4,9,8,1,6,無資料,無資料,18,7
4566,9,10,7,7,1,1,7,9,9,8,1,5,2,1,1,1,1,1,8,8,1,5,時碩工業,"['航太週邊', '航太週邊:航空零組件', '電機機械', '電機機械:車用機械傳動設備及零配件']",6,6
2436,9,4,5,5,5,1,3,8,9,9,10,9,8,2,2,9,3,8,4,9,6,6,偉詮電,"['元宇宙', '元宇宙:高速傳輸', '半導體', '半導體:微控制器IC', '半導體:消費性IC', '半導體:電源管理IC', '汽車', '汽車:ADAS']",40,12
6613,10,10,9,9,8,2,7,9,10,10,9,9,9,9,9,9,9,9,7,10,1,1,朋億,"['LED照明產業', 'LED照明產業:生產製程、檢測設備及原物料', '半導體', '半導體:生產製程及檢測設備', '平面顯示器', '平面顯示器:生產製程及檢測設備']",44,2
4720,8,10,4,5,2,1,3,8,9,6,8,1,1,1,1,1,2,8,6,7,10,5,德淵,"['石化及塑橡膠', '石化及塑橡膠:接著劑(合成樹脂)', '醫療器材', '醫療器材:醫療器材代理', '電機機械', '電機機械:手工具機', '電機機械:輸送機械及零配件']",20,15
6275,10,10,6,7,2,1,4,8,9,1,1,1,1,10,10,10,10,10,9,8,9,6,元山,"['通信網路', '通信網路:其他零組件', '醫療器材', '醫療器材:塑化材料', '電動車輛產業', '電動車輛產業:大功率鋰電池芯_模組、電池管理系統、動力馬達等零組件', '電機機械', '電機機械:冷凍空調設備及零件', '電機機械:機電系統工程', '電機機械:車用機械傳動設備及零配件', '電腦及週邊設備', '電腦及週邊設備:散熱片、風扇馬達、散熱模組']",24,15
1514,10,10,9,9,4,3,4,10,10,9,9,10,8,10,10,9,10,9,2,9,1,6,亞力,"['汽電共生', '汽電共生:配電系統', '電機機械', '電機機械:機電系統工程', '風力發電', '風力發電:電力系統']",39,7
6189,10,1,4,9,5,1,4,10,10,1,4,1,5,1,1,5,1,10,1,1,10,6,豐藝,"['半導體', '半導體:IC通路', '平面顯示器', '平面顯示器:面板', '平面顯示器:顯示器模組', '電腦及週邊設備', '電腦及週邊設備:晶片組', '電腦及週邊設備:面板', '電腦及週邊設備:顯示器模組']",29,16
3689,9,10,7,4,1,1,4,6,9,5,3,5,4,4,4,5,4,4,4,1,1,6,湧德,"['連接器', '連接器:連接器設計、組裝及製造']",17,7
5245,6,6,9,4,1,1,5,5,5,1,1,1,1,1,1,1,1,1,3,7,4,6,智晶,"['平面顯示器', '平面顯示器:面板', '平面顯示器:顯示器模組']",5,10
2905,1,10,3,7,10,2,6,8,6,3,7,6,9,5,5,6,1,6,1,10,9,6,三商,"['貿易百貨', '貿易百貨:零售通路']",38,15
3548,10,10,6,10,10,2,7,10,10,7,8,9,8,8,8,9,10,9,2,10,10,1,兆利,"['電腦及週邊設備', '電腦及週邊設備:機構樞紐']",44,11
3708,10,10,7,7,2,1,7,8,8,8,3,7,2,2,2,2,2,2,8,7,1,2,上緯投控,"['風力發電', '風力發電:樹酯', '風力發電:玻_碳纖']",11,3
2603,10,2,9,9,9,8,6,9,9,7,3,7,3,7,7,4,7,4,8,10,2,9,長榮,"['交通運輸及航運', '交通運輸及航運:貨櫃航運']",23,11
5321,9,9,8,9,6,5,5,9,10,10,3,3,2,3,3,3,2,4,9,9,2,6,美而快,"['印刷電路板', '印刷電路板:硬板、軟板、IC載板製造', '電子商務', '電子商務:自有產品(服務)銷售']",18,8
4744,7,10,6,5,8,1,6,10,10,9,10,9,9,7,7,10,8,1,6,10,1,6,皇將,"['醫療器材', '醫療器材:其他']",38,7
2104,1,8,5,6,3,2,4,6,6,2,2,2,3,2,2,6,2,9,2,5,3,6,國際中橡,"['石化及塑橡膠', '石化及塑橡膠:橡塑膠添加劑']",23,9
6175,8,9,9,7,4,2,3,9,9,8,5,8,5,5,5,4,6,3,8,8,3,6,立敦,"['被動元件', '被動元件:電容器材料(如電蝕／化成鋁箔、介面瓷粉)']",21,9
3324,10,10,6,8,2,1,5,8,9,10,6,9,6,6,6,6,7,7,4,9,2,3,雙鴻,"['電腦及週邊設備', '電腦及週邊設備:散熱片、風扇馬達、散熱模組']",27,5
5351,10,4,7,2,8,2,2,2,2,2,1,2,5,2,2,5,1,8,4,9,10,5,鈺創,"['人工智慧', '人工智慧:系統整合', '人工智慧:電腦視覺', '人工智慧:領域解決方案', '元宇宙', '元宇宙:高速傳輸', '半導體', '半導體:記憶體IC', '體驗科技', '體驗科技:AR Smart Glasses', '體驗科技:CPU', '體驗科技:GPU', '體驗科技:HPU', '體驗科技:IC', '體驗科技:MR Headset & SG', '體驗科技:SLAM', '體驗科技:SoC', '體驗科技:VR Headset', '體驗科技:使用者感知', '體驗科技:其他', '體驗科技:感測器_模組', '體驗科技:手勢_動作', '體驗科技:深度感測', '體驗科技:環境感知', '體驗科技:處理器_IC', '體驗科技:視覺', '體驗科技:觸覺', '體驗科技:語音', '體驗科技:頭顯裝置品牌廠']",27,15
1805,10,7,9,2,6,6,1,1,3,2,8,2,9,1,1,4,1,9,5,4,10,6,寶徠,"['建材營造', '建材營造:建設業']",36,16
4580,9,4,4,8,1,9,8,8,9,4,5,4,6,4,4,6,4,10,8,4,2,6,捷流閥業,"['電機機械', '電機機械:傳動元件', '電機機械:鋼鑄鐵元件']",28,8
3272,6,10,10,6,2,9,5,6,5,3,2,1,2,2,2,2,2,2,3,5,3,5,東碩,"['電腦及週邊設備', '電腦及週邊設備:其他電腦及週邊設備', '電腦及週邊設備:多功能視訊卡', '電腦及週邊設備:輸出入模組_介面卡', '電腦及週邊設備:連接線', '電腦及週邊設備:隨身碟、記憶卡讀卡機']",10,8
6472,10,10,10,9,1,1,9,9,10,10,7,10,7,8,8,7,9,7,8,10,2,6,保瑞,"['製藥', '製藥:中、西藥製劑', '製藥:藥品代理銷售及通路']",29,8
3522,7,10,7,5,9,2,3,5,3,9,7,5,2,5,5,3,5,2,4,4,1,6,御頂,"['食品', '食品:餐飲連鎖']",23,7
4155,7,10,10,8,10,9,6,7,8,4,1,1,1,1,1,1,1,10,6,9,2,6,訊映,"['醫療器材', '醫療器材:醫療耗材']",23,8
2239,6,2,4,8,9,1,7,9,10,2,6,3,6,3,3,6,3,2,5,2,4,6,英利-KY,"['汽車', '汽車:保險桿', '汽車:其他']",29,10
6654,8,9,6,7,2,1,7,7,7,1,1,1,1,1,1,1,1,9,4,8,9,5,天正國際,"['其他', '其他:其他電子產品及電子服務產業']",14,14
1617,10,10,4,1,2,1,2,2,2,2,5,2,7,1,1,1,1,9,4,4,1,6,榮星,"['其他', '其他:其他', '通信網路', '通信網路:線材', '連接器', '連接器:金屬材料', '電機機械', '電機機械:金屬加工處理']",24,7
3576,3,7,8,3,1,9,3,2,3,1,2,2,2,2,2,1,2,1,8,2,2,6,聯合再生,"['太陽能產業', '太陽能產業:太陽能電池', '太陽能產業:太陽能電池模組']",7,8
3701,9,1,2,7,4,1,6,8,9,1,5,6,5,4,4,5,5,8,10,1,2,6,大眾控,"['電腦及週邊設備', '電腦及週邊設備:其他電腦及週邊設備之零組件', '電腦及週邊設備:工業電腦']",27,8
3707,8,10,8,7,1,1,6,8,9,7,3,7,2,5,5,2,5,3,5,8,3,2,漢磊,"['半導體', '半導體:DRAM製造', '半導體:IC_晶圓製造', '半導體:其他IC_二極體製造', '半導體:晶圓製造', '半導體:砷化鎵']",11,5
5388,10,10,10,9,4,5,6,9,9,10,8,10,5,9,9,6,10,6,3,10,1,10,中磊,"['通信網路', '通信網路:網路設備(如數據機、網路卡、閘道器、路由器、網路電話)']",29,11
3207,10,10,9,9,3,3,4,8,9,6,1,1,2,2,2,2,3,3,8,9,9,6,耀勝,"['被動元件', '被動元件:電感器']",11,15
8050,9,10,9,6,1,2,3,8,9,4,2,4,3,1,1,1,1,1,7,8,2,1,廣積,"['電腦及週邊設備', '電腦及週邊設備:工業電腦']",8,3
2462,9,10,6,2,1,1,2,3,4,9,7,9,7,4,4,3,4,4,6,6,1,6,良得電,"['連接器', '連接器:連接器設計、組裝及製造']",22,7
1316,8,10,10,7,2,2,3,7,6,5,3,2,1,2,2,2,6,10,8,10,10,5,上曜,"['石化及塑橡膠', '石化及塑橡膠:塑膠製品']",18,15
4968,9,10,6,8,9,1,6,9,9,5,7,3,9,2,2,8,2,3,3,7,4,5,立積,"['半導體', '半導體:網路通訊IC']",36,9
6469,9,10,9,10,6,2,8,10,10,10,4,9,5,9,9,6,8,2,6,10,2,6,大樹,"['製藥', '製藥:藥品代理銷售及通路', '醫療器材', '醫療器材:醫療院所、醫療器材專賣店、藥局等通路', '食品生技', '食品生技:保健食品代理銷售及通路']",23,8
2012,9,9,10,5,2,2,3,6,6,3,3,4,3,9,9,6,8,7,7,6,7,6,春雨,"['鋼鐵', '鋼鐵:模具', '鋼鐵:機械設備(如產業機械、精密機械、工具機)', '鋼鐵:線材盤元', '鋼鐵:螺絲螺帽', '鋼鐵:金屬製品', '鋼鐵:鋼線鋼纜', '風力發電', '風力發電:其他配件']",21,13
2528,10,10,10,3,2,6,1,2,3,2,3,2,4,2,2,3,3,3,7,10,1,6,皇普,"['建材營造', '建材營造:建設業']",15,7
1341,9,10,9,8,1,1,8,8,8,8,2,7,2,7,7,2,7,2,8,6,5,6,無資料,無資料,9,11
3028,10,10,6,6,4,1,3,8,9,10,4,8,3,2,2,1,2,1,3,9,1,6,增你強,"['半導體', '半導體:IC通路', '電腦及週邊設備', '電腦及週邊設備:隨身碟、記憶卡讀卡機']",13,7
1598,6,2,4,9,2,3,6,9,9,2,6,5,6,5,5,6,4,3,3,2,2,5,岱宇,"['其他', '其他:其他', '運動科技', '運動科技:健身器材']",23,7
8473,8,2,2,6,1,1,6,7,7,3,6,3,6,3,3,7,4,2,3,5,1,5,山林水,"['其他', '其他:環保潔能服務產業']",22,6
1532,8,4,10,9,9,6,4,9,9,8,8,7,8,5,5,8,7,8,4,10,1,6,勤美,"['休閒娛樂', '休閒娛樂:娛樂服務業', '休閒娛樂:旅館服務業', '建材營造', '建材營造:建材原料', '建材營造:建設業', '貿易百貨', '貿易百貨:零售通路', '電機機械', '電機機械:鋼鑄鐵元件']",41,7
8104,7,3,3,8,2,1,7,9,9,3,6,5,6,4,4,6,4,1,8,3,2,5,錸寶,"['平面顯示器', '平面顯示器:面板', '平面顯示器:顯示器模組']",21,7
3141,9,7,8,7,1,2,5,8,9,1,10,1,7,1,1,3,1,6,4,9,3,5,晶宏,"['半導體', '半導體:平面顯示器驅動IC']",27,8
3533,10,10,7,8,1,1,6,9,9,10,2,10,3,8,8,3,9,3,1,8,9,4,嘉澤,"['連接器', '連接器:連接器設計、組裝及製造']",12,13
6591,9,10,6,7,1,1,7,8,8,8,3,7,3,6,6,3,6,3,8,7,6,5,動力-KY,"['電腦及週邊設備', '電腦及週邊設備:散熱片、風扇馬達、散熱模組']",13,11
3047,7,10,6,4,3,3,2,4,5,4,2,1,2,1,1,1,2,1,10,7,1,5,訊舟,"['通信網路', '通信網路:網路設備(如數據機、網路卡、閘道器、路由器、網路電話)']",9,6
3013,10,9,9,4,1,1,3,8,9,8,7,8,7,7,7,7,8,8,5,5,2,6,晟銘電,"['電腦及週邊設備', '電腦及週邊設備:機殼']",30,8
1533,8,7,8,5,2,2,3,7,10,2,8,2,7,2,2,6,1,8,2,9,2,5,車王電,"['汽車', '汽車:ADAS', '汽車:其他', '電動車輛產業', '電動車輛產業:大功率鋰電池芯_模組、電池管理系統、動力馬達等零組件', '電機機械', '電機機械:手工具機', '電機機械:車用機械傳動設備及零配件', '電機機械:電控元件']",31,7
1436,10,10,7,6,9,9,5,5,7,10,8,10,9,10,10,9,10,10,6,10,10,5,華友聯,"['建材營造', '建材營造:建設業']",45,15
4555,9,10,7,7,2,2,6,7,7,3,1,1,1,1,1,1,1,1,5,8,9,6,氣立,"['電機機械', '電機機械:油空壓元件']",6,15
2732,9,2,2,8,2,2,6,8,8,2,3,2,5,2,2,5,2,4,7,2,2,6,六角,"['食品', '食品:餐飲連鎖']",19,8
2066,8,10,8,9,7,3,6,9,10,10,4,7,6,5,5,5,8,5,6,8,1,6,世德,"['電動車輛產業', '電動車輛產業:大功率鋰電池芯_模組、電池管理系統、動力馬達等零組件', '電機機械', '電機機械:五金元件及零配件', '電機機械:機械設備之沖壓零組件', '電機機械:車用機械傳動設備及零配件']",27,7
2230,10,10,4,10,10,2,6,10,10,10,10,10,10,10,10,8,10,2,5,6,10,6,泰茂,"['電機機械', '電機機械:車用機械傳動設備及零配件']",40,16
6486,10,8,7,6,3,2,6,10,10,4,9,9,9,8,8,8,10,8,7,8,1,6,互動,"['軟體服務', '軟體服務:系統整合服務', '通信網路', '通信網路:光通訊設備(如光纖電纜、光傳輸設備)', '通信網路:無線通訊設備(如行動電話、衛星定位系統、衛星通訊設備、微波通訊設備、數位機上盒)', '通信網路:網路設備(如數據機、網路卡、閘道器、路由器、網路電話)']",37,7
4971,6,10,8,8,9,3,6,7,7,2,2,1,1,1,1,1,1,1,2,9,7,6,IET-KY,"['半導體', '半導體:其他IC_二極體製造', '半導體:砷化鎵']",14,13
6804,9,10,9,9,1,10,9,9,9,8,1,9,1,1,1,1,1,2,10,8,10,6,明係,"['休閒娛樂', '休閒娛樂:休閒車業']",6,16
4538,10,9,4,5,1,8,5,5,6,9,2,9,2,10,10,3,9,3,8,4,1,6,大詠城,"['電機機械', '電機機械:鋼鑄鐵元件']",11,7
3122,9,10,6,4,2,1,4,4,4,9,9,8,9,7,7,9,7,3,4,7,1,6,笙泉,"['半導體', '半導體:LED驅動IC', '半導體:微控制器IC', '半導體:消費性IC']",32,7
5263,5,10,8,7,7,2,6,8,8,6,9,3,8,2,2,7,2,6,5,9,3,6,智崴,"['休閒娛樂', '休閒娛樂:娛樂服務業', '文化創意業', '文化創意業:數位內容產業', '軟體服務', '軟體服務:應用_系統軟體設計開發', '體驗科技', '體驗科技:IT服務', '體驗科技:其他', '體驗科技:地圖', '體驗科技:垂直應用方案', '體驗科技:培訓', '體驗科技:安防', '體驗科技:工作流程引導', '體驗科技:應用軟體_內容', '體驗科技:會議', '體驗科技:物流', '體驗科技:系統整合', '體驗科技:製造', '體驗科技:資服', '體驗科技:遊戲', '體驗科技:醫療', '體驗科技:重工業']",37,9
6288,10,10,7,10,9,2,6,10,10,6,9,7,10,2,2,9,2,3,7,10,9,5,聯嘉,"['LED照明產業', 'LED照明產業:封裝_模組', 'LED照明產業:燈具_應用']",40,14
3006,9,10,6,7,5,2,3,8,8,2,9,2,6,1,1,7,1,4,1,9,5,5,晶豪科,"['半導體', '半導體:記憶體IC']",31,10
5543,9,2,3,9,8,2,7,9,9,2,6,4,6,4,4,6,5,4,5,2,2,6,桓鼎-KY,"['建材營造', '建材營造:建材原料', '能源元件', '能源元件:電池模組']",30,8
3346,9,10,8,9,8,1,7,10,10,9,9,9,8,9,9,8,9,8,8,9,1,5,麗清,"['LED照明產業', 'LED照明產業:封裝_模組', 'LED照明產業:燈具_應用']",41,6
6641,7,9,7,8,1,1,8,9,8,6,2,2,2,6,6,2,7,2,7,7,2,6,無資料,無資料,9,8
5457,8,1,3,8,5,1,8,9,9,1,4,3,5,3,3,4,3,9,7,1,8,6,宣德,"['連接器', '連接器:連接器設計、組裝及製造']",27,14
6279,10,10,6,9,5,1,6,10,10,4,8,5,7,4,4,8,10,8,3,9,1,6,胡連,"['連接器', '連接器:連接器設計、組裝及製造']",36,7
8488,8,10,8,7,1,1,7,8,9,6,4,4,3,2,2,2,2,2,3,6,10,6,無資料,無資料,12,16
8255,9,10,6,10,9,6,5,10,10,2,7,2,2,1,1,1,1,2,3,10,2,3,朋程,"['半導體', '半導體:砷化鎵', '電動車輛產業', '電動車輛產業:大功率鋰電池芯_模組、電池管理系統、動力馬達等零組件', '電機機械', '電機機械:車用機械傳動設備及零配件']",21,5
1727,9,10,6,3,3,3,2,3,3,3,2,2,2,2,2,2,2,3,1,3,10,6,中華化,"['半導體', '半導體:化學品', '石化及塑橡膠', '石化及塑橡膠:PTA(對苯二甲酸)觸媒', '石化及塑橡膠:工業用合成樹脂', '石化及塑橡膠:界面活性劑', '紡織', '紡織:化學助劑']",12,16
8027,10,8,4,5,3,2,4,7,7,10,3,7,4,6,6,3,6,5,6,8,1,6,鈦昇,"['半導體', '半導體:生產製程及檢測設備', '電機機械', '電機機械:專用機械(如紡織成衣生產用機械、食品飲料生產用機械、農林用機械等)']",18,7
4306,6,10,9,5,2,1,3,5,5,7,8,7,7,7,7,5,7,8,5,10,1,6,炎洲,"['石化及塑橡膠', '石化及塑橡膠:塑膠製品']",30,7
3042,10,10,8,7,4,1,3,9,9,9,6,8,5,8,8,4,8,4,2,7,4,9,晶技,"['被動元件', '被動元件:濾波器、振盪器']",23,13
6182,5,10,9,8,2,8,3,8,9,7,2,5,2,5,5,2,3,3,7,9,3,1,合晶,"['半導體', '半導體:晶圓製造']",11,4
2236,10,10,7,7,8,2,6,7,8,10,9,10,8,10,10,8,10,8,5,7,1,5,無資料,無資料,41,6
5608,4,5,10,5,6,5,5,5,6,6,4,5,4,9,9,5,8,5,8,1,2,6,四維航,"['交通運輸及航運', '交通運輸及航運:散裝航運']",24,8
6477,9,10,5,6,1,2,6,6,7,9,1,7,1,1,1,1,1,2,7,8,2,5,安集,"['太陽能產業', '太陽能產業:太陽能電廠', '太陽能產業:太陽能電池模組']",6,7
1526,8,8,7,4,1,4,2,4,6,4,1,1,1,1,1,1,1,2,10,9,7,6,日馳,"['電機機械', '電機機械:傳動元件']",6,13
6285,10,10,9,9,2,3,5,9,10,5,3,7,7,4,4,3,9,2,5,9,1,3,啟碁,"['太空衛星科技', '太空衛星科技:天線_射頻基頻', '通信網路', '通信網路:無線通訊設備(如行動電話、衛星定位系統、衛星通訊設備、微波通訊設備、數位機上盒)', '通信網路:網路設備(如數據機、網路卡、閘道器、路由器、網路電話)']",17,4
8092,10,10,10,4,5,9,2,3,9,8,5,10,4,7,7,3,7,4,6,1,1,6,建暐,"['半導體', '半導體:生產製程及檢測設備', '電機機械', '電機機械:專用機械(如紡織成衣生產用機械、食品飲料生產用機械、農林用機械等)', '電機機械:金屬加工用機械']",21,7
4438,7,8,7,7,3,3,6,7,9,6,2,2,1,2,2,1,2,8,8,5,2,6,廣越,"['紡織', '紡織:成衣及其它家居紡織類品', '醫療器材', '醫療器材:衛生用品']",15,8
8938,8,10,6,6,1,1,3,9,9,6,1,6,1,2,2,1,3,2,2,8,2,2,明安,"['休閒娛樂', '休閒娛樂:高爾夫球具業']",6,4
1582,9,6,6,5,4,2,6,6,7,9,10,7,10,6,6,10,6,10,1,7,1,6,信錦,"['電腦及週邊設備', '電腦及週邊設備:機構樞紐', '電腦及週邊設備:金屬、塑膠模具']",44,7
5288,10,10,7,8,1,1,6,9,9,9,2,9,3,10,10,6,10,6,6,8,4,6,豐祥-KY,"['醫療器材', '醫療器材:金屬零件', '電機機械', '電機機械:金屬加工處理']",18,10
8147,10,10,6,8,4,1,5,9,10,9,2,5,5,5,5,4,5,5,5,10,1,5,正淩,"['連接器', '連接器:連接器設計、組裝及製造']",20,6
3580,8,4,3,4,2,2,4,5,8,8,1,9,3,6,6,2,7,3,8,8,1,5,友威科,"['其他', '其他:其他電子產品及電子服務產業']",11,6
3526,10,3,9,3,3,1,3,9,10,10,9,10,8,9,9,8,9,8,4,5,8,6,凡甲,"['連接器', '連接器:連接器設計、組裝及製造']",36,14
1474,9,5,6,1,2,1,2,2,2,3,3,2,1,9,9,10,8,1,5,4,2,6,弘裕,"['紡織', '紡織:織布']",17,8
3605,6,9,6,7,2,2,5,8,9,5,6,2,7,2,2,8,2,4,2,8,2,6,宏致,"['連接器', '連接器:連接器設計、組裝及製造']",27,8
8367,9,10,9,9,8,2,5,10,10,9,10,9,9,9,9,9,10,9,9,6,2,6,建新國際,"['交通運輸及航運', '交通運輸及航運:散裝航運', '交通運輸及航運:貨櫃航運']",45,8
3680,10,10,9,10,6,3,7,10,10,10,4,9,4,9,9,5,9,7,7,10,2,9,家登,"['半導體', '半導體:生產製程及檢測設備']",26,11
6274,10,9,6,6,4,1,4,8,7,7,7,8,8,8,8,8,8,8,2,6,10,10,台燿,"['印刷電路板', '印刷電路板:銅箔基板']",35,20
2208,5,10,7,3,2,2,3,4,5,4,7,4,8,5,5,8,6,4,3,9,1,5,台船,"['其他', '其他:其他', '風力發電', '風力發電:風場營造']",29,6
6203,9,10,9,1,1,1,2,4,9,10,6,9,6,2,2,4,4,4,3,9,1,6,海韻電,"['電腦及週邊設備', '電腦及週邊設備:電源供應器']",21,7
6578,9,10,9,7,2,1,7,7,7,9,9,9,10,4,4,9,4,2,8,5,1,6,達邦蛋白,"['食品', '食品:原物料']",32,7
5905,6,1,2,4,8,9,2,4,4,1,7,6,6,5,5,5,5,2,3,1,7,6,南仁湖,"['休閒娛樂', '休閒娛樂:旅館服務業', '貿易百貨', '貿易百貨:零售通路']",28,13
6184,8,7,7,10,6,8,4,10,10,6,4,6,3,6,6,4,7,6,4,9,7,6,大豐電,"['文化創意業', '文化創意業:廣播電視_電影產業']",23,13
2427,10,10,6,5,1,2,3,9,9,7,9,10,8,8,8,9,10,9,9,10,8,6,三商電,"['觸控面板', '觸控面板:自動售票機', '觸控面板:金融提款機(ATM)', '軟體服務', '軟體服務:應用_系統軟體設計開發', '軟體服務:系統整合服務', '軟體服務:資料處理服務', '軟體服務:通路經銷']",36,14
8070,3,7,9,6,4,1,3,7,8,9,3,8,3,4,4,2,1,3,6,8,1,6,長華*,"['LED照明產業', 'LED照明產業:燈具_應用', 'LED照明產業:生產製程、檢測設備及原物料', '半導體', '半導體:基板', '半導體:導線架', '半導體:生產製程及檢測設備', '太陽能產業', '太陽能產業:太陽能發電設備_系統及系統工程', '太陽能產業:太陽能電廠', '平面顯示器', '平面顯示器:擴散膜、增亮膜、導光板', '平面顯示器:背光源(發光二極體、冷陰極管)', '平面顯示器:驅動IC', '觸控面板', '觸控面板:膠材']",15,7
2439,7,10,8,7,5,1,6,9,9,4,7,4,6,4,4,8,7,8,3,8,9,6,美律,"['能源元件', '能源元件:電池模組', '通信網路', '通信網路:無線通訊設備(如行動電話、衛星定位系統、衛星通訊設備、微波通訊設備、數位機上盒)', '電腦及週邊設備', '電腦及週邊設備:其他電腦及週邊設備之零組件']",34,15
6196,10,10,10,9,2,2,7,10,10,1,2,5,2,3,3,2,8,2,4,10,7,6,帆宣,"['其他', '其他:其他電子產品及電子服務產業']",10,13
3033,10,10,9,7,1,1,5,9,10,7,3,7,3,5,5,4,6,5,8,10,1,6,威健,"['半導體', '半導體:IC通路']",16,7
6414,8,1,3,9,1,1,8,10,10,1,3,1,4,1,1,3,1,1,9,1,10,2,樺漢,"['電腦及週邊設備', '電腦及週邊設備:工業電腦']",12,12
6257,10,10,7,9,6,3,5,9,9,3,3,3,4,1,1,6,4,6,1,10,1,10,矽格,"['半導體', '半導體:IC封裝測試']",25,11
3149,7,1,7,3,3,1,4,4,4,10,10,7,7,5,5,7,5,6,5,2,1,6,正達,"['建材營造', '建材營造:建材原料', '觸控面板', '觸控面板:玻璃基板']",33,7
3479,10,10,4,9,2,4,5,9,10,8,3,7,3,7,7,3,8,3,4,8,9,10,安勤,"['電腦及週邊設備', '電腦及週邊設備:工業電腦']",14,19
8422,7,10,6,9,2,2,5,9,9,1,2,1,2,1,1,2,1,1,5,9,5,6,可寧衛,"['其他', '其他:環保潔能服務產業']",9,11
2383,10,10,6,10,10,2,6,10,10,10,9,9,9,9,9,7,10,7,2,10,6,9,台光電,"['印刷電路板', '印刷電路板:銅箔基板', '太空衛星科技', '太空衛星科技:低軌衛星']",42,15
3167,9,10,3,5,8,1,5,5,5,9,8,4,10,3,3,9,3,1,4,4,2,5,大量,"['鋼鐵', '鋼鐵:機械設備(如產業機械、精密機械、工具機)', '電機機械', '電機機械:專用機械(如紡織成衣生產用機械、食品飲料生產用機械、農林用機械等)']",36,7
8420,9,10,6,4,1,2,4,4,9,1,1,1,1,1,1,1,1,2,3,8,6,6,明揚,"['休閒娛樂', '休閒娛樂:高爾夫球具業']",6,12
4916,7,10,5,8,3,7,6,8,8,2,2,4,3,2,2,2,2,3,4,7,2,5,事欣科,"['電腦及週邊設備', '電腦及週邊設備:其他電腦及週邊設備', '電腦及週邊設備:工業電腦', '電腦及週邊設備:機殼']",13,7
3010,10,10,9,8,4,1,5,9,9,4,9,7,9,3,3,8,7,8,2,7,1,9,華立,"['半導體', '半導體:IC通路', '半導體:化學品', '太陽能產業', '太陽能產業:矽晶圓_矽晶片', '平面顯示器', '平面顯示器:其他零組件', '平面顯示器:化學品(如光阻劑、靶材等)', '連接器', '連接器:塑膠材料', '電腦及週邊設備', '電腦及週邊設備:其他電腦及週邊設備之零組件']",38,10
6547,8,10,5,9,5,2,9,9,9,9,9,3,9,3,3,9,1,3,5,8,2,6,高端疫苗,"['製藥', '製藥:中、西藥製劑', '製藥:中藥材、西藥原料藥']",35,8
8411,4,10,8,6,3,1,5,9,9,6,7,6,7,4,4,4,4,5,4,3,2,6,福貞-KY,"['其他', '其他:其他', '鋼鐵', '鋼鐵:金屬製品']",26,8
3663,10,10,7,4,4,2,4,4,5,8,6,7,4,3,3,2,3,4,4,9,1,6,鑫科,"['太陽能產業', '太陽能產業:材料', '平面顯示器', '平面顯示器:化學品(如光阻劑、靶材等)', '被動元件', '被動元件:電阻器材料(氧化鋁陶瓷基板、導電漿墨)', '觸控面板', '觸控面板:ITO導電薄膜']",20,7
2358,1,1,3,1,1,2,1,1,2,4,5,6,5,6,6,5,6,9,4,1,5,6,廷鑫,"['其他', '其他:其他']",25,11
5434,10,10,9,9,3,2,5,9,9,9,2,10,4,5,5,5,8,5,2,9,1,10,崇越,"['LED照明產業', 'LED照明產業:封裝_模組', 'LED照明產業:生產製程、檢測設備及原物料', '半導體', '半導體:化學品', '半導體:生產製程及檢測設備', '太陽能產業', '太陽能產業:太陽能發電設備_系統及系統工程', '太陽能產業:太陽能電池模組', '太陽能產業:材料', '被動元件', '被動元件:電感器', '被動元件:電阻器材料(氧化鋁陶瓷基板、導電漿墨)', '貿易百貨', '貿易百貨:貿易商、代理商、經銷商']",19,11
1599,5,8,9,6,7,9,4,5,5,2,2,1,1,1,1,1,1,2,2,7,2,5,宏佳騰,"['休閒娛樂', '休閒娛樂:休閒車業', '電動車輛產業', '電動車輛產業:電動汽車、電動機車、電動自行車']",13,7
6126,9,5,5,5,4,2,4,7,8,6,4,5,3,9,9,7,6,5,4,4,8,6,信音,"['連接器', '連接器:連接器設計、組裝及製造']",23,14
9906,10,8,8,3,2,2,5,7,10,8,3,4,2,4,4,1,2,1,8,8,10,6,欣巴巴,"['建材營造', '建材營造:建設業']",9,16
6761,9,10,10,8,1,1,8,9,9,9,2,9,2,8,8,2,8,2,9,8,10,6,穩得,"['其他', '其他:其他電子產品及電子服務產業']",9,16
3645,6,10,9,7,9,3,4,8,7,2,3,2,3,1,1,2,1,8,2,8,3,6,達邁,"['印刷電路板', '印刷電路板:聚亞醯胺樹脂']",25,9
5209,10,9,9,10,8,7,8,10,10,1,4,3,4,2,2,4,9,4,4,4,1,6,新鼎,"['人工智慧', '人工智慧:智慧設備', '人工智慧:機器學習', '人工智慧:移動控制', '人工智慧:系統整合', '人工智慧:自然語言處理', '人工智慧:資料處理', '人工智慧:運算設備', '人工智慧:雲端平台', '人工智慧:電腦視覺', '人工智慧:領域解決方案', '人工智慧:顧問諮詢', '大數據', '大數據:儲存處理', '大數據:分析工具', '大數據:應用軟體', '大數據:系統整合', '大數據:資料庫', '大數據:運算元件與設備', '大數據:雲端平台', '大數據:領域解決方案', '大數據:顧問諮詢', '軟體服務', '軟體服務:系統整合服務']",24,7
5225,10,10,6,8,9,2,6,8,10,9,4,8,7,7,7,8,7,8,7,7,10,6,東科-KY,"['其他', '其他:其他電子產品及電子服務產業']",36,16
3625,5,1,3,4,3,1,4,6,7,1,5,6,6,6,6,5,6,3,4,1,2,6,西勝,"['能源元件', '能源元件:電池模組', '電動車輛產業', '電動車輛產業:大功率鋰電池芯_模組、電池管理系統、動力馬達等零組件', '電腦及週邊設備', '電腦及週邊設備:電池']",22,8
6668,9,10,6,7,1,1,7,8,7,7,10,3,9,3,3,9,3,2,4,6,1,6,中揚光,"['電腦及週邊設備', '電腦及週邊設備:光學鏡片、鏡頭']",31,7
6209,4,10,6,2,1,1,2,3,4,1,1,1,1,2,2,3,4,3,6,1,5,6,今國光,"['電腦及週邊設備', '電腦及週邊設備:光學鏡片、鏡頭']",9,11
8466,7,7,9,7,10,1,7,7,7,5,9,5,10,2,2,4,1,8,5,8,2,6,無資料,無資料,41,8
5230,5,7,6,7,7,2,5,9,9,2,9,5,9,4,4,9,4,2,3,9,1,6,雷笛克光學,"['LED照明產業', 'LED照明產業:封裝_模組', 'LED照明產業:燈具_應用', '汽車', '汽車:車燈']",36,7
5306,8,8,8,6,2,1,6,7,7,3,2,2,1,1,1,1,2,1,7,8,3,6,桂盟,"['休閒娛樂', '休閒娛樂:休閒車業', '其他', '其他:其他', '鋼鐵', '鋼鐵:金屬製品', '電機機械', '電機機械:車用機械傳動設備及零配件']",7,9
6869,10,10,9,10,10,10,10,10,10,8,1,9,1,9,9,1,9,2,10,9,1,6,雲豹能源-創,"['太陽能產業', '太陽能產業:太陽能發電設備_系統及系統工程', '太陽能產業:太陽能電廠', '智慧電網', '智慧電網:系統整合服務', '智慧電網:能源管理服務', '智慧電網:電力零售業', '風力發電', '風力發電:發電營運', '風力發電:風場開發']",15,7
6727,9,4,4,9,2,9,8,9,9,4,6,4,6,4,4,6,4,1,10,4,2,6,亞泰金屬,"['印刷電路板', '印刷電路板:生產製程及檢測設備']",21,8
2492,8,5,6,7,4,2,5,8,8,5,9,5,10,2,2,7,2,4,6,8,8,9,華新科,"['被動元件', '被動元件:濾波器、振盪器', '被動元件:電容器', '被動元件:電容器材料(如電蝕／化成鋁箔、介面瓷粉)', '被動元件:電感器', '被動元件:電阻器']",34,17
3322,10,10,6,3,2,1,4,6,9,10,6,6,4,5,5,3,5,3,7,9,1,6,建舜電,"['連接器', '連接器:連接器設計、組裝及製造', '電腦及週邊設備', '電腦及週邊設備:隨身碟、記憶卡讀卡機']",18,7
3339,8,3,5,2,6,4,2,2,2,9,8,8,7,7,7,4,6,8,5,5,1,6,泰谷,"['LED照明產業', 'LED照明產業:光源_磊晶']",33,7
3023,9,10,10,9,3,3,6,9,10,6,1,5,2,4,4,2,8,2,3,9,8,9,信邦,"['LED照明產業', 'LED照明產業:燈具_應用', '太陽能產業', '太陽能產業:太陽能發電設備_系統及系統工程', '平面顯示器', '平面顯示器:其他零組件', '通信網路', '通信網路:線材', '連接器', '連接器:連接器設計、組裝及製造', '電動車輛產業', '電動車輛產業:大功率鋰電池芯_模組、電池管理系統、動力馬達等零組件', '電腦及週邊設備', '電腦及週邊設備:連接線', '風力發電', '風力發電:其他配件']",10,17
6015,9,4,5,9,6,6,5,9,9,9,10,6,8,6,6,8,6,5,6,6,10,6,宏遠證,"['金融', '金融:證券業']",37,16
2063,9,9,9,6,2,1,4,8,9,8,7,7,6,4,4,4,6,5,9,8,2,6,世鎧,"['鋼鐵', '鋼鐵:不鏽鋼棒線', '鋼鐵:螺絲螺帽']",24,8
3617,10,10,6,8,8,2,5,9,10,10,7,10,8,7,7,8,9,8,3,9,2,6,碩天,"['電腦及週邊設備', '電腦及週邊設備:其他電腦及週邊設備']",39,8
6823,9,10,9,9,1,10,9,9,9,8,1,10,2,10,10,2,8,3,5,8,1,6,濾能,"['半導體', '半導體:生產製程及檢測設備']",9,7
5498,9,1,6,4,4,2,3,5,5,2,6,4,6,4,4,5,4,4,4,1,1,6,凱崴,"['印刷電路板', '印刷電路板:基板組裝加工及相關製造', '印刷電路板:銅箔基板']",25,7
3092,6,10,9,5,2,1,4,5,6,3,4,1,4,1,1,3,1,8,4,8,3,6,鴻碩,"['電腦及週邊設備', '電腦及週邊設備:連接線']",21,9
6664,10,10,10,9,8,2,8,9,10,9,1,9,7,7,7,2,8,2,7,9,3,5,群翊,"['半導體', '半導體:生產製程及檢測設備', '印刷電路板', '印刷電路板:生產製程及檢測設備', '觸控面板', '觸控面板:工業用設備']",20,8
9921,7,1,6,5,1,3,4,5,9,1,5,1,6,1,1,6,1,10,3,1,5,10,巨大,"['其他', '其他:其他']",28,15
2338,9,7,8,9,5,1,6,9,10,7,3,9,4,7,7,4,8,5,3,10,2,5,光罩,"['半導體', '半導體:光罩']",21,7
8462,7,9,10,10,7,1,7,10,10,6,9,5,10,5,5,10,5,10,6,8,2,6,柏文,"['休閒娛樂', '休閒娛樂:娛樂服務業']",46,8
2497,8,9,10,9,7,4,5,9,10,8,6,8,5,6,6,4,6,6,8,9,4,6,怡利電,"['其他', '其他:其他電子產品及電子服務產業', '汽車', '汽車:ADAS', '汽車:其他']",28,10
3323,4,7,6,2,2,2,2,4,5,2,1,1,1,1,1,1,1,9,1,5,7,6,加百裕,"['能源元件', '能源元件:電池模組', '電腦及週邊設備', '電腦及週邊設備:電池']",14,13
6593,10,10,10,8,9,2,7,8,9,10,9,9,10,9,9,10,8,1,6,10,10,6,台灣銘板,"['軟體服務', '軟體服務:資料處理服務']",39,16
3484,8,1,6,6,5,3,4,6,7,1,5,1,6,1,1,6,1,7,5,1,2,6,崧騰,"['電腦及週邊設備', '電腦及週邊設備:其他電腦及週邊設備之零組件']",29,8
9941,9,10,5,9,4,1,6,10,10,8,2,2,1,3,3,1,4,1,4,3,9,3,裕融,"['其他', '其他:其他']",9,12
5309,9,7,7,10,5,5,4,10,9,10,4,9,4,8,8,4,9,6,10,6,2,6,系統電,"['能源元件', '能源元件:電池模組', '電腦及週邊設備', '電腦及週邊設備:其他電腦及週邊設備']",23,8
2034,5,10,9,2,2,2,2,2,3,1,1,1,4,1,1,8,1,3,2,5,3,6,允強,"['鋼鐵', '鋼鐵:不鏽鋼型鋼', '鋼鐵:冷熱軋不鏽鋼板捲', '鋼鐵:裁剪加工', '鋼鐵:製管']",18,9
4967,10,8,8,10,9,3,6,10,10,9,9,9,9,9,9,9,10,10,9,9,2,6,十銓,"['電腦及週邊設備', '電腦及週邊設備:記憶體', '電腦及週邊設備:隨身碟、記憶卡讀卡機']",46,8
3268,8,7,6,4,9,6,3,4,7,4,7,7,8,2,2,5,1,8,4,2,1,6,海德威,"['半導體', '半導體:消費性IC']",37,7
4148,8,7,6,8,2,9,7,8,9,7,2,6,2,6,6,2,1,2,6,8,2,5,無資料,無資料,10,7
8349,7,10,6,8,5,1,6,10,10,5,9,9,9,6,6,8,8,7,5,9,2,6,恒耀國際,"['鋼鐵', '鋼鐵:螺絲螺帽', '電動車輛產業', '電動車輛產業:大功率鋰電池芯_模組、電池管理系統、動力馬達等零組件']",38,8
3587,10,10,9,9,3,2,7,10,10,4,2,2,1,4,4,2,9,2,4,6,2,10,閎康,"['其他', '其他:其他電子產品及電子服務產業']",10,12
4123,3,10,6,7,2,2,4,8,8,6,7,9,9,4,4,1,4,2,7,8,2,6,晟德,"['製藥', '製藥:中、西藥製劑']",21,8
3305,9,1,4,6,4,2,3,8,9,1,6,2,6,2,2,6,2,1,2,1,1,6,昇貿,"['半導體', '半導體:化學品', '太空衛星科技', '太空衛星科技:低軌衛星', '太陽能產業', '太陽能產業:太陽能電池', '太陽能產業:太陽能電池模組']",23,7
8996,10,7,6,8,2,1,4,9,10,2,2,4,3,3,3,3,4,3,3,9,9,2,高力,"['電機機械', '電機機械:油空壓元件']",13,11
6670,10,10,8,8,2,1,8,9,9,9,2,9,2,7,7,2,9,2,8,9,8,5,復盛應用,"['休閒娛樂', '休閒娛樂:高爾夫球具業']",10,13
2888,2,10,6,5,9,8,5,5,5,2,8,2,9,2,2,6,2,6,3,6,6,5,新光金,"['金融', '金融:金控業_銀行業_保險業']",38,11
2231,5,10,9,9,2,3,5,10,10,1,2,1,1,1,1,1,1,1,5,9,4,5,為升,"['汽車', '汽車:整車組裝、修理及技術服務']",7,9
2906,10,4,10,8,8,3,3,10,9,10,7,10,7,9,9,7,9,10,3,10,2,6,高林,"['貿易百貨', '貿易百貨:貿易商、代理商、經銷商']",39,8
6179,8,1,2,10,7,9,6,9,9,2,4,3,5,2,2,5,2,1,5,2,10,6,亞通,"['建材營造', '建材營造:工程承攬']",22,16
3713,8,8,8,9,1,9,8,10,9,8,2,9,2,8,8,2,9,3,6,8,2,6,新晶投控,"['太陽能產業', '太陽能產業:太陽能發電設備_系統及系統工程', '太陽能產業:太陽能電廠', '太陽能產業:太陽能電池模組']",10,8
1815,8,10,5,3,2,2,2,4,4,1,1,1,2,1,1,2,1,9,2,10,1,6,富喬,"['印刷電路板', '印刷電路板:玻璃纖維_玻纖布']",16,7
1338,4,6,4,4,1,1,5,5,5,3,9,2,10,2,2,4,2,9,3,4,6,6,廣華-KY,"['汽車', '汽車:其他']",33,12
6150,9,6,10,6,5,3,3,8,8,4,6,5,5,4,4,4,2,8,3,10,2,6,撼訊,"['區塊鏈', '區塊鏈:元件裝置', '電腦及週邊設備', '電腦及週邊設備:顯示卡']",28,8
6290,10,10,10,2,4,1,2,7,9,10,8,6,3,3,3,2,2,2,3,8,1,1,良維,"['連接器', '連接器:連接器設計、組裝及製造']",19,2
4164,8,10,10,7,3,2,6,9,10,3,10,6,9,7,7,9,10,9,6,9,3,5,承業醫,"['其他', '其他:其他', '醫療器材', '醫療器材:醫療器材代理', '醫療器材:醫療器材代理銷售及通路', '醫療器材:醫療院所、醫療器材專賣店、藥局等通路']",40,8
4171,7,1,5,5,2,1,5,8,8,2,4,6,4,5,5,5,5,4,5,1,2,6,瑞基,"['其他', '其他:農業科技業', '醫療器材', '醫療器材:生物檢測']",19,8
2201,9,4,6,5,6,2,3,7,7,9,6,8,3,8,8,9,8,3,6,8,2,3,裕隆,"['汽車', '汽車:整車組裝、修理及技術服務']",27,5
3209,9,10,7,7,5,1,6,8,9,3,2,8,3,6,6,3,6,3,2,9,1,5,全科,"['半導體', '半導體:IC通路']",16,6
6104,9,5,6,7,5,1,3,9,9,3,10,3,8,3,3,8,3,3,5,8,9,6,創惟,"['元宇宙', '元宇宙:高速傳輸', '半導體', '半導體:輸出入介面IC']",34,15
6432,8,10,6,6,1,1,6,6,9,4,7,4,10,1,1,4,1,8,6,9,3,6,今展科,"['被動元件', '被動元件:電感器']",30,9
8927,10,1,4,10,8,2,4,10,10,1,4,4,6,4,4,6,4,2,9,1,10,6,北基,"['油電燃氣', '油電燃氣:加油站']",26,16
4564,7,10,7,6,1,1,7,6,7,1,1,1,1,1,1,2,1,10,7,8,2,6,元翎,"['電機機械', '電機機械:金屬加工處理']",15,8
6284,10,10,6,9,5,1,5,10,10,10,10,10,8,7,7,10,7,10,6,9,2,5,佳邦,"['被動元件', '被動元件:濾波器、振盪器', '被動元件:電容器', '被動元件:電感器', '通信網路', '通信網路:主_被動元件']",43,7
6585,10,9,7,10,10,2,7,10,10,10,10,10,9,10,10,9,10,10,9,8,10,1,鼎基,"['其他', '其他:其他', '石化及塑橡膠', '石化及塑橡膠:塑膠製品']",48,11
3388,8,10,10,5,2,1,3,5,6,6,8,5,10,2,2,10,2,10,1,6,9,6,崇越電,"['LED照明產業', 'LED照明產業:生產製程、檢測設備及原物料', '印刷電路板', '印刷電路板:玻璃纖維_玻纖布', '印刷電路板:銅箔', '平面顯示器', '平面顯示器:擴散膜、增亮膜、導光板', '建材營造', '建材營造:建材原料', '能源元件', '能源元件:原材料', '觸控面板', '觸控面板:膠材', '通信網路', '通信網路:其他零組件', '通信網路:線材', '食品', '食品:原物料', '食品生技', '食品生技:原料']",40,15
6715,10,10,7,7,1,1,7,9,9,10,2,9,2,8,8,1,8,1,9,7,1,5,無資料,無資料,7,6
4303,10,3,10,1,1,1,1,1,1,2,2,1,4,10,10,9,9,2,7,1,1,6,信立,"['石化及塑橡膠', '石化及塑橡膠:人造纖維', '石化及塑橡膠:塑膠製品']",18,7
4747,9,10,8,9,7,1,6,10,10,1,5,1,3,1,1,5,1,1,4,8,2,6,強生,"['製藥', '製藥:中、西藥製劑', '製藥:藥品代理銷售及通路']",21,8
9958,10,10,8,9,6,2,8,10,10,9,10,9,9,9,9,8,10,2,4,8,5,10,世紀鋼,"['建材營造', '建材營造:工程承攬', '風力發電', '風力發電:其他配件', '風力發電:塔架', '風力發電:電纜']",35,15
6190,10,10,6,9,4,2,4,9,9,7,2,9,4,9,9,9,8,9,5,8,10,6,萬泰科,"['太空衛星科技', '太空衛星科技:低軌衛星', '通信網路', '通信網路:線材']",28,16
3416,10,10,8,9,7,3,4,9,10,10,3,10,3,6,6,2,7,2,1,8,10,6,融程電,"['觸控面板', '觸控面板:觸控面板', '電腦及週邊設備', '電腦及週邊設備:工業電腦']",17,16
8433,9,10,9,5,7,1,5,9,10,9,9,9,9,6,6,9,8,9,8,7,8,6,弘帆,"['貿易百貨', '貿易百貨:貿易商、代理商、經銷商']",43,14
6558,8,10,8,6,1,1,6,6,7,7,9,2,3,2,2,3,2,9,4,5,2,6,興能高,"['能源元件', '能源元件:電池芯']",25,8
4540,8,8,7,7,2,1,6,7,8,1,1,1,1,1,1,1,1,1,9,9,1,6,全球傳動,"['電機機械', '電機機械:傳動元件']",6,7
2368,10,2,6,9,9,1,4,10,10,10,5,10,5,9,9,6,9,8,8,10,8,9,金像電,"['印刷電路板', '印刷電路板:硬板、軟板、IC載板製造']",33,17
6134,7,3,6,2,3,1,2,3,3,9,2,2,3,2,2,2,2,8,5,2,2,6,萬旭,"['電腦及週邊設備', '電腦及週邊設備:連接線']",18,8
3290,8,10,6,5,5,2,4,6,7,10,6,10,6,4,4,3,3,4,8,1,1,6,東浦,"['汽車', '汽車:其他', '通信網路', '通信網路:塑膠_金屬機殼', '電腦及週邊設備', '電腦及週邊設備:其他電腦及週邊設備之零組件']",24,7
4190,6,8,4,7,1,2,7,7,8,4,2,2,9,2,2,9,2,3,6,10,4,6,無資料,無資料,24,10
6156,9,7,6,2,3,2,2,3,4,7,2,9,3,5,5,3,5,4,9,3,1,6,松上,"['印刷電路板', '印刷電路板:硬板、軟板、IC載板製造', '被動元件', '被動元件:電感器']",15,7
3088,10,10,10,9,3,5,4,9,10,8,2,10,4,8,8,3,8,3,3,9,2,6,艾訊,"['觸控面板', '觸控面板:工業用設備', '觸控面板:資訊收集設備', '電腦及週邊設備', '電腦及週邊設備:其他電腦及週邊設備', '電腦及週邊設備:工業電腦']",15,8
3310,10,6,6,7,2,1,5,8,9,4,5,6,6,8,8,8,9,9,7,9,2,6,佳穎,"['半導體', '半導體:導線架', '建材營造', '建材營造:建設業', '汽車', '汽車:其他', '連接器', '連接器:金屬材料', '醫療器材', '醫療器材:金屬零件', '電動車輛產業', '電動車輛產業:大功率鋰電池芯_模組、電池管理系統、動力馬達等零組件', '電腦及週邊設備', '電腦及週邊設備:金屬、塑膠模具']",30,8
2065,10,9,9,8,1,1,6,9,9,9,2,9,2,7,7,2,6,2,8,8,1,6,世豐,"['鋼鐵', '鋼鐵:螺絲螺帽']",9,7
4416,8,1,3,5,6,4,2,5,4,2,5,5,5,8,8,6,7,4,2,1,2,6,三圓,"['建材營造', '建材營造:建設業']",26,8
6282,9,10,5,7,8,1,3,10,10,10,10,7,8,2,2,8,2,5,2,10,6,5,康舒,"['平面顯示器', '平面顯示器:其他零組件', '智慧電網', '智慧電網:配電管理設施', '智慧電網:高_低壓輸電設施', '電動車輛產業', '電動車輛產業:大功率鋰電池芯_模組、電池管理系統、動力馬達等零組件', '電腦及週邊設備', '電腦及週邊設備:電源供應器']",39,11
3597,9,10,6,5,1,2,5,5,5,7,1,1,1,1,1,1,1,1,7,7,10,6,映興,"['其他', '其他:其他', '其他:其他電子產品及電子服務產業', '連接器', '連接器:連接器設計、組裝及製造']",5,16
6552,7,5,8,8,9,9,7,8,8,4,10,2,8,2,2,7,1,4,6,8,3,5,易華電,"['半導體', '半導體:基板']",38,8
4912,8,9,6,7,7,2,5,8,8,10,7,7,8,9,9,9,7,9,2,7,9,6,聯德控股-KY,"['電腦及週邊設備', '電腦及週邊設備:散熱片、風扇馬達、散熱模組']",40,15
1586,6,1,3,7,8,1,5,9,9,1,5,3,6,4,4,6,4,5,3,1,2,6,和勤,"['電機機械', '電機機械:機械設備之沖壓零組件', '電機機械:車用機械傳動設備及零配件', '電腦及週邊設備', '電腦及週邊設備:其他電腦及週邊設備之零組件', '電腦及週邊設備:金屬、塑膠模具']",30,8
2641,9,10,8,10,10,3,6,10,10,9,3,9,3,9,9,2,9,3,8,10,1,6,正德,"['交通運輸及航運', '交通運輸及航運:散裝航運']",21,7
4714,10,10,10,2,2,1,2,3,2,4,2,1,5,10,10,8,7,3,2,10,10,6,永捷,"['建材營造', '建材營造:建設業', '石化及塑橡膠', '石化及塑橡膠:人造纖維', '石化及塑橡膠:塑膠製品', '石化及塑橡膠:接著劑(合成樹脂)', '食品', '食品:原物料']",20,16
6187,10,7,9,10,10,10,4,9,7,10,7,7,8,7,7,9,7,9,3,10,7,6,萬潤,"['其他', '其他:其他電子產品及電子服務產業']",43,13
5871,8,10,5,10,6,2,6,10,10,7,2,5,2,5,5,2,8,2,6,4,1,3,中租-KY,"['太陽能產業', '太陽能產業:太陽能電廠', '金融', '金融:租賃業']",14,4
3357,10,8,6,8,1,1,6,8,9,7,1,7,1,7,7,2,7,3,9,8,10,5,臺慶科,"['被動元件', '被動元件:電感器', '被動元件:電感器材料(如鐵氧體、導電漿墨)']",8,15
5011,8,10,8,9,2,1,7,10,9,2,2,3,1,9,9,8,10,9,7,5,9,6,久陽,"['鋼鐵', '鋼鐵:螺絲螺帽']",22,15
6283,6,7,4,2,3,1,2,6,8,2,2,2,4,2,2,5,2,8,5,8,4,6,淳安,"['汽車', '汽車:其他', '電腦及週邊設備', '電腦及週邊設備:其他電腦及週邊設備之零組件']",22,10
4739,7,10,6,6,2,4,4,7,7,2,3,2,1,1,1,1,1,1,3,3,4,6,康普,"['石化及塑橡膠', '石化及塑橡膠:PTA(對苯二甲酸)觸媒', '石化及塑橡膠:接著劑(合成樹脂)', '紡織', '紡織:化學助劑', '能源元件', '能源元件:原材料', '被動元件', '被動元件:濾波器、振盪器材料(鉭酸鋰／鈮酸鋰晶圓／片、石英基板、金屬及陶瓷封裝材料)', '電動車輛產業', '電動車輛產業:鋰電池材料']",8,10
6616,7,10,9,8,9,1,8,9,8,6,2,2,1,2,2,3,2,9,4,8,1,6,特昇-KY,"['其他', '其他:其他']",24,7
3465,8,10,6,9,9,2,7,9,9,6,7,8,9,7,7,8,4,4,9,9,10,6,進泰電子,"['其他', '其他:其他電子產品及電子服務產業']",37,16
3687,8,6,10,9,6,2,6,10,10,9,4,8,3,10,10,4,10,7,8,2,10,6,歐買尬,"['休閒娛樂', '休閒娛樂:營運發行', '休閒娛樂:線上遊戲業', '休閒娛樂:設計開發', '電子商務', '電子商務:金流串接處理服務']",24,16
2887,9,10,6,10,6,3,6,10,10,3,1,6,1,1,1,2,2,2,3,6,9,2,台新金,"['金融', '金融:金控業_銀行業_保險業']",12,11
2727,8,10,10,10,7,8,5,10,10,4,8,8,8,7,7,8,8,8,9,6,2,2,王品,"['食品', '食品:餐飲連鎖']",39,4
1786,10,10,7,9,9,3,7,10,10,10,8,8,7,5,5,7,8,8,8,9,10,6,科妍,"['製藥', '製藥:中、西藥製劑', '製藥:原材料', '醫療器材', '醫療器材:醫療耗材']",39,16
3413,10,10,10,9,3,2,6,9,9,9,2,8,2,9,9,7,9,8,7,8,4,2,京鼎,"['LED照明產業', 'LED照明產業:燈具_應用', '半導體', '半導體:生產製程及檢測設備']",22,6
6603,7,10,5,2,1,1,3,8,9,8,4,5,3,4,4,3,4,5,3,10,2,6,富強鑫,"['電機機械', '電機機械:專用機械(如紡織成衣生產用機械、食品飲料生產用機械、農林用機械等)']",16,8
6438,10,10,9,9,2,2,6,9,9,4,2,6,2,6,6,3,7,4,8,9,10,10,迅得,"['印刷電路板', '印刷電路板:生產製程及檢測設備', '平面顯示器', '平面顯示器:生產製程及檢測設備']",13,20
2461,9,9,6,7,6,2,6,8,9,2,7,1,2,1,1,1,2,2,5,9,9,6,光群雷,"['其他', '其他:其他']",18,15
5213,10,10,10,9,9,9,5,8,9,7,10,8,9,9,9,9,9,9,4,10,7,6,亞昕,"['建材營造', '建材營造:建設業']",46,13
4906,7,10,9,6,2,4,3,8,9,5,2,5,3,2,2,2,2,3,6,7,1,6,正文,"['通信網路', '通信網路:網路設備(如數據機、網路卡、閘道器、路由器、網路電話)']",12,7
3128,9,6,7,5,8,2,3,7,6,8,1,6,3,4,4,2,5,4,8,5,1,5,昇銳,"['人工智慧', '人工智慧:系統整合', '平面顯示器', '平面顯示器:監視器_顯示器', '汽車', '汽車:其他', '電腦及週邊設備', '電腦及週邊設備:安全監控系統', '電腦及週邊設備:磁碟儲存系統']",18,6
1342,10,10,9,9,10,9,8,9,9,10,8,10,2,9,9,2,9,2,9,10,10,5,八貫,"['其他', '其他:其他', '航太週邊', '航太週邊:航空零組件']",24,15
3512,8,10,6,9,4,10,5,7,10,9,10,9,9,10,10,9,10,2,10,8,1,6,皇龍,"['建材營造', '建材營造:建設業', '運動科技', '運動科技:裝置_器材零組件', '電腦及週邊設備', '電腦及週邊設備:散熱片、風扇馬達、散熱模組']",34,7
3016,8,9,6,8,5,4,6,8,8,8,3,7,4,6,6,4,6,5,6,9,3,6,嘉晶,"['半導體', '半導體:晶圓製造']",21,9
6509,9,1,3,7,3,1,3,9,9,1,4,1,4,2,2,4,2,3,8,1,3,6,聚和,"['石化及塑橡膠', '石化及塑橡膠:顏染料', '能源元件', '能源元件:原材料', '能源元件:電池模組', '能源元件:電池芯']",18,9
4175,8,10,10,9,5,2,6,10,10,7,7,4,7,2,2,3,2,3,4,10,2,6,杏一,"['製藥', '製藥:藥品代理銷售及通路', '醫療器材', '醫療器材:醫療器材代理', '醫療器材:醫療器材代理銷售及通路', '醫療器材:醫療院所、醫療器材專賣店、藥局等通路', '食品生技', '食品生技:保健食品代理銷售及通路']",25,8
4168,5,10,9,10,6,10,9,10,8,2,2,9,8,9,9,8,3,5,5,6,2,6,醣聯,"['製藥', '製藥:中、西藥製劑']",29,8
6139,10,8,9,10,8,2,8,10,10,6,9,9,8,9,9,8,10,8,4,7,1,10,亞翔,"['其他', '其他:其他電子產品及電子服務產業']",41,11
1589,5,8,6,4,1,1,5,6,9,1,1,1,1,2,2,1,2,10,2,10,4,6,永冠-KY,"['能源元件', '能源元件:原材料', '電機機械', '電機機械:鋼鑄鐵元件', '風力發電', '風力發電:其他配件', '風力發電:風場開發', '風力發電:齒輪箱']",14,10
2610,9,10,10,10,9,6,3,10,10,5,9,5,7,5,5,7,4,6,8,9,2,3,華航,"['交通運輸及航運', '交通運輸及航運:海陸空大眾運輸']",38,5
2476,10,9,8,5,2,1,4,9,9,10,3,8,4,8,8,4,8,4,2,7,2,6,鉅祥,"['平面顯示器', '平面顯示器:其他零組件', '通信網路', '通信網路:主_被動元件', '通信網路:塑膠_金屬機殼', '連接器', '連接器:塑膠材料', '連接器:金屬材料', '連接器:電鍍材料', '醫療器材', '醫療器材:塑化材料']",17,8
6796,9,10,10,8,1,1,9,9,10,9,9,10,9,8,8,2,8,2,10,9,1,6,晉弘,"['醫療器材', '醫療器材:其他']",23,7
