stock_id,近一日收盤價,近一季股本,近一季合約負債_流動,當月營收,rev_year_growth_營收年增率,rev_month_growth_營收月增率,累計營收,近3月平均營收,近12月平均營收,近一季營業毛利率,最近一季營業毛利年增率,近一季營業利益率,近一季營業利益年增率,近一季稅後淨利率,近一季稅後淨利率,近一季稅後淨利年增率,近一季每股盈餘EPS,eps_growth_rate_EPS年增率,近一日殖利率,近一季存貨,最近一日外資買賣超張數,最近一日投信買賣超張數,name,category,S+A+B+C+D+E,外資+投信
2528,5.0,9.0,10.0,1.0,2.0,5.0,5.0,1.0,5.0,1.0,1.0,1.0,1.0,1.0,1.0,1.0,2.0,10.0,4.0,10.0,8.0,6.0,皇普,"['建材營造', '建材營造:建設業']",20.0,14.0
2603,10.0,10.0,10.0,10.0,1.0,4.0,10.0,10.0,10.0,4.0,1.0,8.0,2.0,10.0,10.0,2.0,10.0,3.0,10.0,10.0,10.0,10.0,長榮,"['交通運輸及航運', '交通運輸及航運:貨櫃航運']",19.0,20.0
2066,9.0,2.0,2.0,6.0,5.0,8.0,6.0,5.0,6.0,7.0,6.0,8.0,7.0,7.0,7.0,7.0,9.0,6.0,8.0,7.0,9.0,6.0,世德,"['電動車輛產業', '電動車輛產業:大功率鋰電池芯_模組、電池管理系統、動力馬達等零組件', '電機機械', '電機機械:五金元件及零配件', '電機機械:機械設備之沖壓零組件', '電機機械:車用機械傳動設備及零配件']",40.0,15.0
6275,6.0,4.0,,6.0,7.0,4.0,6.0,6.0,6.0,4.0,8.0,5.0,8.0,5.0,5.0,8.0,7.0,8.0,8.0,6.0,1.0,6.0,元山,"['通信網路', '通信網路:其他零組件', '醫療器材', '醫療器材:塑化材料', '電動車輛產業', '電動車輛產業:大功率鋰電池芯_模組、電池管理系統、動力馬達等零組件', '電機機械', '電機機械:冷凍空調設備及零件', '電機機械:機電系統工程', '電機機械:車用機械傳動設備及零配件', '電腦及週邊設備', '電腦及週邊設備:散熱片、風扇馬達、散熱模組']",45.0,7.0
8932,9.0,4.0,,4.0,10.0,10.0,3.0,3.0,3.0,9.0,10.0,10.0,10.0,7.0,7.0,10.0,5.0,1.0,2.0,2.0,2.0,6.0,宏大,"['其他', '其他:其他']",50.0,8.0
9958,10.0,8.0,9.0,9.0,10.0,9.0,9.0,9.0,9.0,4.0,10.0,8.0,10.0,7.0,7.0,10.0,8.0,9.0,3.0,8.0,10.0,6.0,世紀鋼,"['建材營造', '建材營造:工程承攬', '風力發電', '風力發電:其他配件', '風力發電:塔架', '風力發電:電纜']",59.0,16.0
8349,7.0,7.0,,9.0,7.0,7.0,9.0,9.0,9.0,4.0,4.0,5.0,4.0,4.0,4.0,4.0,7.0,4.0,8.0,9.0,9.0,1.0,恒耀國際,"['鋼鐵', '鋼鐵:螺絲螺帽', '電動車輛產業', '電動車輛產業:大功率鋰電池芯_模組、電池管理系統、動力馬達等零組件']",30.0,10.0
1436,8.0,5.0,9.0,7.0,10.0,1.0,4.0,7.0,4.0,10.0,1.0,10.0,2.0,7.0,7.0,2.0,4.0,2.0,10.0,10.0,5.0,6.0,華友聯,"['建材營造', '建材營造:建設業']",25.0,11.0
6613,9.0,2.0,10.0,8.0,4.0,9.0,8.0,8.0,8.0,5.0,7.0,8.0,6.0,7.0,7.0,6.0,10.0,6.0,9.0,8.0,9.0,6.0,朋億,"['LED照明產業', 'LED照明產業:生產製程、檢測設備及原物料', '半導體', '半導體:生產製程及檢測設備', '平面顯示器', '平面顯示器:生產製程及檢測設備']",38.0,15.0
2641,3.0,8.0,1.0,4.0,9.0,5.0,4.0,4.0,4.0,9.0,6.0,10.0,7.0,10.0,10.0,3.0,6.0,3.0,10.0,6.0,2.0,6.0,正德,"['交通運輸及航運', '交通運輸及航運:散裝航運']",31.0,8.0
1316,1.0,8.0,9.0,3.0,7.0,10.0,3.0,3.0,3.0,5.0,1.0,1.0,1.0,1.0,1.0,1.0,2.0,2.0,7.0,10.0,2.0,6.0,上曜,"['石化及塑橡膠', '石化及塑橡膠:塑膠製品']",13.0,8.0
6469,10.0,6.0,5.0,9.0,8.0,3.0,9.0,9.0,9.0,6.0,7.0,5.0,5.0,4.0,4.0,6.0,8.0,5.0,4.0,9.0,2.0,6.0,大樹,"['製藥', '製藥:藥品代理銷售及通路', '醫療器材', '醫療器材:醫療院所、醫療器材專賣店、藥局等通路', '食品生技', '食品生技:保健食品代理銷售及通路']",41.0,8.0
6670,10.0,6.0,6.0,10.0,2.0,8.0,9.0,9.0,9.0,5.0,2.0,7.0,3.0,6.0,6.0,3.0,10.0,3.0,10.0,9.0,10.0,1.0,復盛應用,"['休閒娛樂', '休閒娛樂:高爾夫球具業']",23.0,11.0
8433,9.0,3.0,4.0,7.0,9.0,7.0,6.0,6.0,6.0,6.0,7.0,9.0,6.0,9.0,9.0,5.0,10.0,5.0,9.0,1.0,9.0,6.0,弘帆,"['貿易百貨', '貿易百貨:貿易商、代理商、經銷商']",41.0,15.0
5011,4.0,5.0,7.0,8.0,9.0,10.0,7.0,7.0,7.0,1.0,1.0,3.0,2.0,3.0,3.0,2.0,3.0,2.0,10.0,4.0,4.0,6.0,久陽,"['鋼鐵', '鋼鐵:螺絲螺帽']",20.0,10.0
6414,10.0,6.0,10.0,10.0,6.0,7.0,10.0,10.0,10.0,4.0,6.0,5.0,7.0,5.0,5.0,7.0,10.0,7.0,8.0,10.0,9.0,1.0,樺漢,"['電腦及週邊設備', '電腦及週邊設備:工業電腦']",43.0,10.0
4906,5.0,9.0,9.0,9.0,1.0,6.0,9.0,9.0,9.0,2.0,5.0,4.0,3.0,5.0,5.0,8.0,7.0,9.0,7.0,9.0,10.0,1.0,正文,"['通信網路', '通信網路:網路設備(如數據機、網路卡、閘道器、路由器、網路電話)']",31.0,11.0
5388,9.0,8.0,9.0,10.0,5.0,8.0,10.0,10.0,10.0,4.0,7.0,5.0,7.0,4.0,4.0,8.0,10.0,8.0,6.0,10.0,10.0,1.0,中磊,"['通信網路', '通信網路:網路設備(如數據機、網路卡、閘道器、路由器、網路電話)']",44.0,11.0
8112,7.0,9.0,,10.0,10.0,10.0,10.0,10.0,10.0,1.0,9.0,4.0,9.0,3.0,3.0,9.0,8.0,9.0,10.0,10.0,10.0,1.0,至上,"['半導體', '半導體:IC通路']",53.0,11.0
6486,8.0,2.0,9.0,7.0,10.0,10.0,5.0,6.0,5.0,9.0,5.0,6.0,4.0,5.0,5.0,6.0,6.0,6.0,10.0,7.0,5.0,6.0,互動,"['軟體服務', '軟體服務:系統整合服務', '通信網路', '通信網路:光通訊設備(如光纖電纜、光傳輸設備)', '通信網路:無線通訊設備(如行動電話、衛星定位系統、衛星通訊設備、微波通訊設備、數位機上盒)', '通信網路:網路設備(如數據機、網路卡、閘道器、路由器、網路電話)']",39.0,11.0
2065,8.0,3.0,3.0,5.0,5.0,5.0,5.0,5.0,5.0,5.0,3.0,8.0,4.0,8.0,8.0,4.0,8.0,5.0,10.0,5.0,6.0,6.0,世豐,"['鋼鐵', '鋼鐵:螺絲螺帽']",29.0,12.0
1341,8.0,3.0,3.0,5.0,2.0,1.0,5.0,5.0,5.0,4.0,6.0,7.0,5.0,5.0,5.0,4.0,7.0,5.0,10.0,6.0,7.0,6.0,無資料,無資料,30.0,13.0
1582,8.0,6.0,,8.0,8.0,3.0,8.0,8.0,8.0,6.0,9.0,8.0,10.0,6.0,6.0,8.0,9.0,9.0,6.0,6.0,10.0,6.0,信錦,"['電腦及週邊設備', '電腦及週邊設備:機構樞紐', '電腦及週邊設備:金屬、塑膠模具']",52.0,16.0
6578,3.0,3.0,2.0,2.0,5.0,7.0,2.0,2.0,2.0,2.0,9.0,2.0,6.0,1.0,1.0,1.0,1.0,10.0,6.0,1.0,8.0,6.0,達邦蛋白,"['食品', '食品:原物料']",34.0,14.0
1514,8.0,8.0,9.0,9.0,9.0,9.0,8.0,8.0,8.0,4.0,8.0,6.0,8.0,6.0,6.0,8.0,6.0,8.0,4.0,9.0,10.0,6.0,亞力,"['汽電共生', '汽電共生:配電系統', '電機機械', '電機機械:機電系統工程', '風力發電', '風力發電:電力系統']",49.0,16.0
4306,2.0,9.0,9.0,9.0,9.0,8.0,9.0,9.0,9.0,4.0,4.0,5.0,4.0,6.0,6.0,6.0,5.0,6.0,9.0,10.0,10.0,6.0,炎洲,"['石化及塑橡膠', '石化及塑橡膠:塑膠製品']",31.0,16.0
8466,7.0,3.0,5.0,6.0,9.0,9.0,6.0,5.0,5.0,4.0,4.0,6.0,8.0,3.0,3.0,2.0,2.0,2.0,6.0,5.0,6.0,6.0,無資料,無資料,32.0,12.0
2383,10.0,9.0,,10.0,9.0,4.0,10.0,10.0,10.0,7.0,8.0,9.0,8.0,8.0,8.0,8.0,10.0,9.0,5.0,9.0,10.0,1.0,台光電,"['印刷電路板', '印刷電路板:銅箔基板', '太空衛星科技', '太空衛星科技:低軌衛星']",52.0,11.0
6290,8.0,7.0,4.0,8.0,8.0,8.0,8.0,8.0,8.0,7.0,9.0,9.0,8.0,9.0,9.0,8.0,10.0,9.0,6.0,8.0,3.0,6.0,良維,"['連接器', '連接器:連接器設計、組裝及製造']",50.0,9.0
1532,6.0,9.0,10.0,9.0,4.0,5.0,9.0,9.0,9.0,5.0,9.0,8.0,10.0,6.0,6.0,9.0,7.0,10.0,6.0,10.0,8.0,10.0,勤美,"['休閒娛樂', '休閒娛樂:娛樂服務業', '休閒娛樂:旅館服務業', '建材營造', '建材營造:建材原料', '建材營造:建設業', '貿易百貨', '貿易百貨:零售通路', '電機機械', '電機機械:鋼鑄鐵元件']",48.0,18.0
3010,9.0,8.0,9.0,10.0,6.0,4.0,10.0,10.0,10.0,2.0,7.0,5.0,6.0,4.0,4.0,6.0,10.0,7.0,9.0,9.0,2.0,6.0,華立,"['半導體', '半導體:IC通路', '半導體:化學品', '太陽能產業', '太陽能產業:矽晶圓_矽晶片', '平面顯示器', '平面顯示器:其他零組件', '平面顯示器:化學品(如光阻劑、靶材等)', '連接器', '連接器:塑膠材料', '電腦及週邊設備', '電腦及週邊設備:其他電腦及週邊設備之零組件']",41.0,8.0
4714,1.0,6.0,8.0,2.0,4.0,10.0,2.0,2.0,2.0,4.0,3.0,1.0,1.0,1.0,1.0,7.0,3.0,4.0,2.0,8.0,2.0,6.0,永捷,"['建材營造', '建材營造:建設業', '石化及塑橡膠', '石化及塑橡膠:人造纖維', '石化及塑橡膠:塑膠製品', '石化及塑橡膠:接著劑(合成樹脂)', '食品', '食品:原物料']",20.0,8.0
8147,8.0,1.0,,4.0,5.0,8.0,3.0,3.0,3.0,9.0,7.0,7.0,8.0,7.0,7.0,6.0,8.0,6.0,6.0,2.0,4.0,6.0,正淩,"['連接器', '連接器:連接器設計、組裝及製造']",40.0,10.0
2034,4.0,9.0,9.0,9.0,5.0,1.0,9.0,9.0,9.0,2.0,4.0,5.0,6.0,2.0,2.0,1.0,1.0,1.0,9.0,9.0,9.0,6.0,允強,"['鋼鐵', '鋼鐵:不鏽鋼型鋼', '鋼鐵:冷熱軋不鏽鋼板捲', '鋼鐵:裁剪加工', '鋼鐵:製管']",21.0,15.0
1815,2.0,9.0,,6.0,2.0,2.0,6.0,6.0,6.0,1.0,1.0,2.0,1.0,2.0,2.0,1.0,2.0,1.0,4.0,8.0,1.0,6.0,富喬,"['印刷電路板', '印刷電路板:玻璃纖維_玻纖布']",8.0,7.0
2462,6.0,7.0,,7.0,5.0,7.0,7.0,7.0,7.0,4.0,9.0,7.0,10.0,8.0,8.0,9.0,8.0,10.0,4.0,6.0,9.0,6.0,良得電,"['連接器', '連接器:連接器設計、組裝及製造']",49.0,15.0
3047,2.0,8.0,7.0,6.0,2.0,2.0,7.0,7.0,7.0,6.0,3.0,3.0,1.0,2.0,2.0,2.0,3.0,2.0,9.0,8.0,1.0,6.0,訊舟,"['通信網路', '通信網路:網路設備(如數據機、網路卡、閘道器、路由器、網路電話)']",12.0,7.0
3028,5.0,8.0,,10.0,6.0,5.0,10.0,10.0,10.0,2.0,6.0,4.0,6.0,3.0,3.0,8.0,7.0,9.0,10.0,10.0,9.0,6.0,增你強,"['半導體', '半導體:IC通路', '電腦及週邊設備', '電腦及週邊設備:隨身碟、記憶卡讀卡機']",40.0,15.0
6156,4.0,4.0,2.0,6.0,4.0,7.0,6.0,6.0,6.0,4.0,5.0,5.0,6.0,5.0,5.0,3.0,7.0,4.0,6.0,4.0,7.0,6.0,松上,"['印刷電路板', '印刷電路板:硬板、軟板、IC載板製造', '被動元件', '被動元件:電感器']",26.0,13.0
3324,10.0,5.0,,9.0,4.0,3.0,9.0,9.0,9.0,6.0,8.0,8.0,8.0,8.0,8.0,7.0,10.0,8.0,4.0,8.0,1.0,1.0,雙鴻,"['電腦及週邊設備', '電腦及週邊設備:散熱片、風扇馬達、散熱模組']",45.0,2.0
6203,9.0,5.0,3.0,6.0,6.0,9.0,6.0,6.0,6.0,7.0,9.0,9.0,9.0,9.0,9.0,8.0,10.0,9.0,9.0,7.0,2.0,6.0,海韻電,"['電腦及週邊設備', '電腦及週邊設備:電源供應器']",50.0,8.0
3512,5.0,5.0,8.0,4.0,10.0,1.0,6.0,6.0,6.0,5.0,10.0,9.0,10.0,7.0,7.0,9.0,8.0,10.0,10.0,9.0,3.0,6.0,皇龍,"['建材營造', '建材營造:建設業', '運動科技', '運動科技:裝置_器材零組件', '電腦及週邊設備', '電腦及週邊設備:散熱片、風扇馬達、散熱模組']",54.0,9.0
1586,5.0,5.0,4.0,6.0,8.0,6.0,5.0,6.0,5.0,3.0,9.0,3.0,9.0,2.0,2.0,1.0,2.0,10.0,3.0,6.0,5.0,6.0,和勤,"['電機機械', '電機機械:機械設備之沖壓零組件', '電機機械:車用機械傳動設備及零配件', '電腦及週邊設備', '電腦及週邊設備:其他電腦及週邊設備之零組件', '電腦及週邊設備:金屬、塑膠模具']",42.0,11.0
6248,4.0,4.0,8.0,8.0,9.0,7.0,8.0,8.0,8.0,2.0,5.0,4.0,4.0,3.0,3.0,4.0,6.0,4.0,9.0,6.0,2.0,6.0,沛波,"['鋼鐵', '鋼鐵:裁剪加工']",30.0,8.0
6257,8.0,9.0,5.0,9.0,5.0,4.0,9.0,9.0,9.0,6.0,3.0,8.0,4.0,9.0,9.0,5.0,9.0,5.0,9.0,5.0,10.0,10.0,矽格,"['半導體', '半導體:IC封裝測試']",30.0,20.0
4129,8.0,5.0,2.0,7.0,8.0,3.0,7.0,7.0,6.0,10.0,8.0,9.0,9.0,7.0,7.0,8.0,8.0,9.0,5.0,8.0,9.0,1.0,聯合,"['醫療器材', '醫療器材:人工關節']",50.0,10.0
3413,10.0,5.0,,9.0,2.0,6.0,9.0,9.0,9.0,6.0,2.0,8.0,3.0,8.0,8.0,4.0,10.0,4.0,10.0,9.0,8.0,6.0,京鼎,"['LED照明產業', 'LED照明產業:燈具_應用', '半導體', '半導體:生產製程及檢測設備']",25.0,14.0
8103,6.0,4.0,,6.0,7.0,7.0,6.0,6.0,6.0,8.0,7.0,8.0,8.0,8.0,8.0,7.0,8.0,8.0,8.0,5.0,9.0,6.0,瀚荃,"['連接器', '連接器:連接器設計、組裝及製造', '電腦及週邊設備', '電腦及週邊設備:連接線']",43.0,15.0
3416,9.0,4.0,6.0,5.0,2.0,6.0,5.0,5.0,5.0,8.0,5.0,9.0,6.0,9.0,9.0,6.0,9.0,6.0,7.0,5.0,4.0,6.0,融程電,"['觸控面板', '觸控面板:觸控面板', '電腦及週邊設備', '電腦及週邊設備:工業電腦']",34.0,10.0
2236,8.0,2.0,7.0,5.0,9.0,2.0,5.0,5.0,5.0,7.0,9.0,7.0,9.0,5.0,5.0,10.0,6.0,10.0,3.0,5.0,3.0,6.0,無資料,無資料,55.0,9.0
2906,3.0,8.0,5.0,8.0,7.0,3.0,8.0,8.0,8.0,7.0,7.0,5.0,8.0,4.0,4.0,6.0,4.0,5.0,6.0,8.0,10.0,6.0,高林,"['貿易百貨', '貿易百貨:貿易商、代理商、經銷商']",36.0,16.0
5230,4.0,2.0,,4.0,7.0,7.0,4.0,4.0,4.0,7.0,7.0,4.0,8.0,4.0,4.0,5.0,4.0,5.0,6.0,5.0,3.0,6.0,雷笛克光學,"['LED照明產業', 'LED照明產業:封裝_模組', 'LED照明產業:燈具_應用', '汽車', '汽車:車燈']",36.0,9.0
1342,9.0,4.0,3.0,5.0,4.0,7.0,5.0,5.0,5.0,7.0,7.0,10.0,7.0,9.0,9.0,7.0,9.0,8.0,8.0,6.0,9.0,10.0,八貫,"['其他', '其他:其他', '航太週邊', '航太週邊:航空零組件']",42.0,19.0
3346,6.0,6.0,3.0,8.0,8.0,5.0,8.0,8.0,8.0,3.0,7.0,4.0,8.0,4.0,4.0,8.0,7.0,9.0,3.0,9.0,1.0,6.0,麗清,"['LED照明產業', 'LED照明產業:封裝_模組', 'LED照明產業:燈具_應用']",46.0,7.0
3290,4.0,6.0,,5.0,4.0,4.0,5.0,5.0,5.0,7.0,7.0,8.0,7.0,7.0,7.0,5.0,6.0,5.0,4.0,3.0,3.0,6.0,東浦,"['汽車', '汽車:其他', '通信網路', '通信網路:塑膠_金屬機殼', '電腦及週邊設備', '電腦及週邊設備:其他電腦及週邊設備之零組件']",32.0,9.0
5263,9.0,3.0,7.0,3.0,8.0,6.0,3.0,3.0,3.0,8.0,6.0,2.0,7.0,3.0,3.0,2.0,3.0,2.0,3.0,4.0,6.0,6.0,智崴,"['休閒娛樂', '休閒娛樂:娛樂服務業', '文化創意業', '文化創意業:數位內容產業', '軟體服務', '軟體服務:應用_系統軟體設計開發', '體驗科技', '體驗科技:IT服務', '體驗科技:其他', '體驗科技:地圖', '體驗科技:垂直應用方案', '體驗科技:培訓', '體驗科技:安防', '體驗科技:工作流程引導', '體驗科技:應用軟體_內容', '體驗科技:會議', '體驗科技:物流', '體驗科技:系統整合', '體驗科技:製造', '體驗科技:資服', '體驗科技:遊戲', '體驗科技:醫療', '體驗科技:重工業']",34.0,12.0
4164,7.0,7.0,6.0,7.0,10.0,1.0,7.0,7.0,7.0,6.0,3.0,7.0,3.0,5.0,5.0,3.0,4.0,3.0,6.0,7.0,1.0,1.0,承業醫,"['其他', '其他:其他', '醫療器材', '醫療器材:醫療器材代理', '醫療器材:醫療器材代理銷售及通路', '醫療器材:醫療院所、醫療器材專賣店、藥局等通路']",29.0,2.0
1338,6.0,5.0,6.0,8.0,4.0,9.0,7.0,7.0,7.0,5.0,4.0,5.0,4.0,3.0,3.0,3.0,4.0,3.0,8.0,7.0,8.0,6.0,廣華-KY,"['汽車', '汽車:其他']",24.0,14.0
6591,7.0,2.0,,4.0,2.0,2.0,4.0,4.0,4.0,7.0,10.0,7.0,10.0,7.0,7.0,10.0,8.0,10.0,10.0,4.0,3.0,6.0,動力-KY,"['電腦及週邊設備', '電腦及週邊設備:散熱片、風扇馬達、散熱模組']",49.0,9.0
4555,7.0,4.0,3.0,4.0,4.0,9.0,4.0,4.0,4.0,6.0,2.0,2.0,1.0,2.0,2.0,1.0,2.0,2.0,5.0,7.0,7.0,6.0,氣立,"['電機機械', '電機機械:油空壓元件']",17.0,13.0
2610,3.0,10.0,10.0,10.0,8.0,3.0,10.0,10.0,10.0,3.0,10.0,5.0,10.0,5.0,5.0,10.0,5.0,10.0,5.0,10.0,1.0,6.0,華航,"['交通運輸及航運', '交通運輸及航運:海陸空大眾運輸']",51.0,7.0
8422,10.0,6.0,,7.0,2.0,8.0,7.0,7.0,7.0,9.0,2.0,10.0,3.0,9.0,9.0,3.0,8.0,4.0,9.0,2.0,10.0,1.0,可寧衛,"['其他', '其他:環保潔能服務產業']",24.0,11.0
3209,5.0,8.0,8.0,10.0,2.0,1.0,10.0,10.0,10.0,1.0,9.0,4.0,8.0,3.0,3.0,5.0,7.0,5.0,10.0,10.0,3.0,6.0,全科,"['半導體', '半導體:IC通路']",34.0,9.0
2439,9.0,8.0,8.0,10.0,9.0,2.0,10.0,10.0,10.0,3.0,5.0,5.0,6.0,4.0,4.0,5.0,9.0,5.0,7.0,9.0,10.0,1.0,美律,"['能源元件', '能源元件:電池模組', '通信網路', '通信網路:無線通訊設備(如行動電話、衛星定位系統、衛星通訊設備、微波通訊設備、數位機上盒)', '電腦及週邊設備', '電腦及週邊設備:其他電腦及週邊設備之零組件']",39.0,11.0
8050,8.0,8.0,8.0,7.0,2.0,8.0,7.0,7.0,7.0,5.0,2.0,6.0,3.0,9.0,9.0,4.0,9.0,4.0,10.0,8.0,1.0,6.0,廣積,"['電腦及週邊設備', '電腦及週邊設備:工業電腦']",23.0,7.0
6187,9.0,5.0,6.0,4.0,7.0,5.0,3.0,4.0,3.0,9.0,2.0,4.0,2.0,6.0,6.0,2.0,5.0,3.0,5.0,6.0,4.0,6.0,萬潤,"['其他', '其他:其他電子產品及電子服務產業']",25.0,10.0
4580,9.0,2.0,3.0,5.0,3.0,2.0,6.0,5.0,5.0,7.0,6.0,9.0,7.0,8.0,8.0,6.0,9.0,7.0,9.0,6.0,,,捷流閥業,"['電機機械', '電機機械:傳動元件', '電機機械:鋼鑄鐵元件']",38.0,
8411,2.0,8.0,6.0,8.0,5.0,9.0,8.0,8.0,8.0,2.0,9.0,5.0,10.0,3.0,3.0,9.0,4.0,2.0,2.0,7.0,4.0,6.0,福貞-KY,"['其他', '其他:其他', '鋼鐵', '鋼鐵:金屬製品']",37.0,10.0
3033,4.0,9.0,9.0,10.0,5.0,7.0,10.0,10.0,10.0,2.0,4.0,4.0,5.0,3.0,3.0,4.0,6.0,5.0,10.0,10.0,2.0,1.0,威健,"['半導體', '半導體:IC通路']",27.0,3.0
6285,10.0,9.0,10.0,10.0,7.0,6.0,10.0,10.0,10.0,3.0,7.0,5.0,7.0,4.0,4.0,7.0,10.0,8.0,6.0,10.0,10.0,10.0,啟碁,"['太空衛星科技', '太空衛星科技:天線_射頻基頻', '通信網路', '通信網路:無線通訊設備(如行動電話、衛星定位系統、衛星通訊設備、微波通訊設備、數位機上盒)', '通信網路:網路設備(如數據機、網路卡、閘道器、路由器、網路電話)']",46.0,20.0
4416,8.0,3.0,9.0,1.0,6.0,5.0,1.0,1.0,1.0,10.0,7.0,10.0,6.0,1.0,1.0,9.0,2.0,2.0,5.0,10.0,,,三圓,"['建材營造', '建材營造:建設業']",38.0,
6715,10.0,3.0,4.0,5.0,1.0,7.0,5.0,5.0,5.0,8.0,4.0,10.0,4.0,9.0,9.0,4.0,9.0,5.0,5.0,5.0,9.0,6.0,無資料,無資料,28.0,15.0
2063,7.0,3.0,5.0,3.0,2.0,1.0,4.0,4.0,4.0,7.0,7.0,10.0,7.0,9.0,9.0,7.0,9.0,8.0,9.0,5.0,6.0,6.0,世鎧,"['鋼鐵', '鋼鐵:不鏽鋼棒線', '鋼鐵:螺絲螺帽']",38.0,12.0
2436,8.0,7.0,,6.0,8.0,4.0,6.0,6.0,6.0,6.0,8.0,4.0,10.0,6.0,6.0,10.0,5.0,1.0,4.0,7.0,2.0,6.0,偉詮電,"['元宇宙', '元宇宙:高速傳輸', '半導體', '半導體:微控制器IC', '半導體:消費性IC', '半導體:電源管理IC', '汽車', '汽車:ADAS']",45.0,8.0
3322,3.0,6.0,,6.0,8.0,4.0,6.0,6.0,6.0,5.0,8.0,6.0,5.0,6.0,6.0,6.0,7.0,6.0,5.0,4.0,8.0,6.0,建舜電,"['連接器', '連接器:連接器設計、組裝及製造', '電腦及週邊設備', '電腦及週邊設備:隨身碟、記憶卡讀卡機']",36.0,14.0
8442,9.0,3.0,4.0,8.0,4.0,5.0,8.0,8.0,8.0,5.0,4.0,7.0,5.0,7.0,7.0,7.0,10.0,8.0,8.0,7.0,2.0,6.0,無資料,無資料,37.0,8.0
6179,5.0,5.0,8.0,6.0,7.0,10.0,6.0,6.0,6.0,2.0,10.0,5.0,9.0,4.0,4.0,10.0,5.0,10.0,4.0,1.0,10.0,6.0,亞通,"['建材營造', '建材營造:工程承攬']",51.0,16.0
4123,6.0,9.0,7.0,4.0,9.0,3.0,4.0,4.0,4.0,9.0,9.0,7.0,8.0,1.0,1.0,7.0,1.0,6.0,8.0,4.0,5.0,6.0,晟德,"['製藥', '製藥:中、西藥製劑']",45.0,11.0
4538,3.0,3.0,1.0,2.0,1.0,8.0,2.0,2.0,2.0,4.0,2.0,6.0,2.0,3.0,3.0,2.0,3.0,2.0,8.0,1.0,6.0,6.0,大詠城,"['電機機械', '電機機械:鋼鑄鐵元件']",12.0,12.0
3388,8.0,4.0,6.0,8.0,5.0,5.0,8.0,8.0,8.0,4.0,4.0,5.0,4.0,4.0,4.0,5.0,8.0,5.0,9.0,6.0,5.0,6.0,崇越電,"['LED照明產業', 'LED照明產業:生產製程、檢測設備及原物料', '印刷電路板', '印刷電路板:玻璃纖維_玻纖布', '印刷電路板:銅箔', '平面顯示器', '平面顯示器:擴散膜、增亮膜、導光板', '建材營造', '建材營造:建材原料', '能源元件', '能源元件:原材料', '觸控面板', '觸控面板:膠材', '通信網路', '通信網路:其他零組件', '通信網路:線材', '食品', '食品:原物料', '食品生技', '食品生技:原料']",31.0,11.0
2887,2.0,10.0,,10.0,5.0,9.0,10.0,10.0,10.0,10.0,6.0,9.0,5.0,8.0,8.0,5.0,4.0,5.0,8.0,,1.0,1.0,台新金,"['金融', '金融:金控業_銀行業_保險業']",28.0,2.0
4916,5.0,5.0,,6.0,4.0,2.0,6.0,6.0,6.0,4.0,9.0,6.0,10.0,5.0,5.0,10.0,6.0,10.0,3.0,7.0,2.0,6.0,事欣科,"['電腦及週邊設備', '電腦及週邊設備:其他電腦及週邊設備', '電腦及週邊設備:工業電腦', '電腦及週邊設備:機殼']",48.0,8.0
3708,9.0,5.0,4.0,8.0,4.0,6.0,8.0,8.0,8.0,4.0,5.0,5.0,10.0,10.0,10.0,6.0,10.0,6.0,8.0,6.0,9.0,6.0,上緯投控,"['風力發電', '風力發電:樹酯', '風力發電:玻_碳纖']",40.0,15.0
3533,10.0,6.0,6.0,10.0,5.0,8.0,9.0,9.0,9.0,9.0,6.0,10.0,6.0,10.0,10.0,6.0,10.0,6.0,5.0,9.0,10.0,1.0,嘉澤,"['連接器', '連接器:連接器設計、組裝及製造']",39.0,11.0
6664,10.0,3.0,10.0,5.0,5.0,3.0,5.0,5.0,5.0,9.0,7.0,10.0,6.0,10.0,10.0,7.0,10.0,8.0,8.0,8.0,8.0,6.0,群翊,"['半導體', '半導體:生產製程及檢測設備', '印刷電路板', '印刷電路板:生產製程及檢測設備', '觸控面板', '觸控面板:工業用設備']",43.0,14.0
4566,7.0,5.0,4.0,7.0,2.0,8.0,7.0,7.0,7.0,5.0,4.0,6.0,4.0,7.0,7.0,5.0,8.0,5.0,7.0,7.0,3.0,6.0,時碩工業,"['航太週邊', '航太週邊:航空零組件', '電機機械', '電機機械:車用機械傳動設備及零配件']",27.0,9.0
6432,5.0,1.0,,3.0,5.0,8.0,3.0,3.0,3.0,5.0,9.0,5.0,10.0,6.0,6.0,8.0,7.0,9.0,7.0,3.0,4.0,6.0,今展科,"['被動元件', '被動元件:電感器']",46.0,10.0
6279,10.0,5.0,,8.0,7.0,5.0,8.0,8.0,8.0,7.0,7.0,9.0,6.0,8.0,8.0,4.0,10.0,5.0,7.0,8.0,3.0,6.0,胡連,"['連接器', '連接器:連接器設計、組裝及製造']",39.0,9.0
6603,2.0,7.0,8.0,7.0,3.0,9.0,6.0,6.0,6.0,5.0,3.0,3.0,2.0,3.0,3.0,1.0,2.0,2.0,7.0,8.0,8.0,6.0,富強鑫,"['電機機械', '電機機械:專用機械(如紡織成衣生產用機械、食品飲料生產用機械、農林用機械等)']",13.0,14.0
6616,1.0,1.0,1.0,3.0,9.0,3.0,3.0,3.0,3.0,3.0,4.0,4.0,10.0,2.0,2.0,1.0,2.0,2.0,8.0,3.0,6.0,6.0,特昇-KY,"['其他', '其他:其他']",27.0,12.0
1786,8.0,4.0,2.0,3.0,9.0,6.0,2.0,2.0,2.0,10.0,8.0,10.0,7.0,10.0,10.0,7.0,7.0,8.0,5.0,2.0,5.0,6.0,科妍,"['製藥', '製藥:中、西藥製劑', '製藥:原材料', '醫療器材', '醫療器材:醫療耗材']",47.0,11.0
2888,1.0,10.0,,1.0,1.0,1.0,9.0,1.0,9.0,9.0,3.0,9.0,4.0,8.0,8.0,5.0,5.0,5.0,2.0,,1.0,6.0,新光金,"['金融', '金融:金控業_銀行業_保險業']",19.0,7.0
6472,10.0,6.0,8.0,9.0,2.0,5.0,9.0,9.0,9.0,9.0,9.0,10.0,9.0,9.0,9.0,8.0,10.0,7.0,4.0,8.0,10.0,6.0,保瑞,"['製藥', '製藥:中、西藥製劑', '製藥:藥品代理銷售及通路']",45.0,16.0
9906,7.0,5.0,9.0,1.0,1.0,1.0,7.0,1.0,7.0,9.0,9.0,10.0,9.0,9.0,9.0,9.0,8.0,10.0,10.0,10.0,5.0,6.0,欣巴巴,"['建材營造', '建材營造:建設業']",45.0,11.0
5288,10.0,4.0,7.0,8.0,3.0,9.0,8.0,8.0,8.0,5.0,4.0,8.0,5.0,8.0,8.0,6.0,10.0,7.0,7.0,7.0,6.0,6.0,豐祥-KY,"['醫療器材', '醫療器材:金屬零件', '電機機械', '電機機械:金屬加工處理']",35.0,12.0
8938,8.0,6.0,,9.0,2.0,10.0,9.0,9.0,9.0,4.0,2.0,7.0,3.0,1.0,1.0,1.0,1.0,1.0,10.0,8.0,9.0,1.0,明安,"['休閒娛樂', '休閒娛樂:高爾夫球具業']",17.0,10.0
3092,5.0,6.0,2.0,5.0,5.0,6.0,5.0,5.0,5.0,4.0,2.0,4.0,2.0,3.0,3.0,2.0,3.0,3.0,5.0,6.0,2.0,6.0,鴻碩,"['電腦及週邊設備', '電腦及週邊設備:連接線']",19.0,8.0
4747,8.0,2.0,3.0,2.0,8.0,6.0,2.0,2.0,2.0,8.0,6.0,9.0,6.0,7.0,7.0,6.0,5.0,5.0,5.0,3.0,4.0,6.0,強生,"['製藥', '製藥:中、西藥製劑', '製藥:藥品代理銷售及通路']",39.0,10.0
5213,5.0,9.0,10.0,9.0,10.0,2.0,7.0,9.0,7.0,8.0,10.0,10.0,10.0,9.0,9.0,10.0,8.0,10.0,7.0,10.0,2.0,6.0,亞昕,"['建材營造', '建材營造:建設業']",55.0,8.0
1526,5.0,3.0,7.0,2.0,1.0,1.0,3.0,2.0,3.0,7.0,1.0,5.0,2.0,3.0,3.0,2.0,3.0,2.0,10.0,8.0,7.0,6.0,日馳,"['電機機械', '電機機械:傳動元件']",13.0,13.0
3526,10.0,3.0,6.0,6.0,9.0,7.0,5.0,6.0,5.0,9.0,8.0,10.0,7.0,10.0,10.0,7.0,10.0,8.0,8.0,3.0,9.0,6.0,凡甲,"['連接器', '連接器:連接器設計、組裝及製造']",49.0,15.0
2427,4.0,7.0,9.0,7.0,5.0,9.0,6.0,7.0,6.0,7.0,7.0,4.0,4.0,5.0,5.0,6.0,5.0,7.0,4.0,8.0,10.0,6.0,三商電,"['觸控面板', '觸控面板:自動售票機', '觸控面板:金融提款機(ATM)', '軟體服務', '軟體服務:應用_系統軟體設計開發', '軟體服務:系統整合服務', '軟體服務:資料處理服務', '軟體服務:通路經銷']",33.0,16.0
1617,2.0,7.0,,6.0,3.0,6.0,6.0,6.0,6.0,2.0,10.0,4.0,9.0,3.0,3.0,9.0,3.0,10.0,4.0,4.0,8.0,6.0,榮星,"['其他', '其他:其他', '通信網路', '通信網路:線材', '連接器', '連接器:金屬材料', '電機機械', '電機機械:金屬加工處理']",43.0,14.0
4720,2.0,6.0,,6.0,7.0,8.0,6.0,6.0,6.0,5.0,7.0,4.0,7.0,6.0,6.0,10.0,6.0,10.0,4.0,5.0,9.0,6.0,德淵,"['石化及塑橡膠', '石化及塑橡膠:接著劑(合成樹脂)', '醫療器材', '醫療器材:醫療器材代理', '電機機械', '電機機械:手工具機', '電機機械:輸送機械及零配件']",43.0,15.0
3587,10.0,4.0,7.0,7.0,7.0,7.0,7.0,7.0,7.0,7.0,7.0,8.0,6.0,8.0,8.0,6.0,10.0,6.0,6.0,,2.0,10.0,閎康,"['其他', '其他:其他電子產品及電子服務產業']",42.0,12.0
6189,7.0,8.0,8.0,10.0,9.0,6.0,10.0,10.0,10.0,2.0,9.0,5.0,9.0,5.0,5.0,9.0,9.0,10.0,9.0,9.0,9.0,1.0,豐藝,"['半導體', '半導體:IC通路', '平面顯示器', '平面顯示器:面板', '平面顯示器:顯示器模組', '電腦及週邊設備', '電腦及週邊設備:晶片組', '電腦及週邊設備:面板', '電腦及週邊設備:顯示器模組']",53.0,10.0
3013,6.0,8.0,3.0,8.0,2.0,3.0,8.0,8.0,8.0,3.0,7.0,5.0,5.0,4.0,4.0,4.0,5.0,5.0,3.0,7.0,1.0,6.0,晟銘電,"['電腦及週邊設備', '電腦及週邊設備:機殼']",29.0,7.0
3617,10.0,5.0,,8.0,5.0,1.0,9.0,8.0,9.0,9.0,7.0,8.0,7.0,8.0,8.0,6.0,10.0,6.0,5.0,9.0,3.0,6.0,碩天,"['電腦及週邊設備', '電腦及週邊設備:其他電腦及週邊設備']",41.0,9.0
3268,4.0,1.0,,3.0,8.0,4.0,3.0,3.0,3.0,2.0,5.0,3.0,1.0,4.0,4.0,3.0,5.0,4.0,5.0,1.0,9.0,6.0,海德威,"['半導體', '半導體:消費性IC']",25.0,15.0
4168,4.0,6.0,1.0,1.0,,,1.0,1.0,1.0,10.0,10.0,1.0,6.0,1.0,1.0,7.0,1.0,6.0,2.0,,4.0,6.0,醣聯,"['製藥', '製藥:中、西藥製劑']",,10.0
6126,4.0,6.0,3.0,6.0,4.0,5.0,6.0,6.0,6.0,6.0,6.0,7.0,5.0,6.0,6.0,6.0,5.0,6.0,7.0,5.0,10.0,6.0,信音,"['連接器', '連接器:連接器設計、組裝及製造']",31.0,16.0
9941,10.0,9.0,,10.0,7.0,5.0,10.0,10.0,10.0,10.0,6.0,9.0,6.0,8.0,8.0,7.0,10.0,6.0,6.0,8.0,2.0,6.0,裕融,"['其他', '其他:其他']",42.0,8.0
8070,5.0,4.0,8.0,9.0,4.0,6.0,9.0,9.0,9.0,4.0,2.0,7.0,3.0,9.0,9.0,4.0,7.0,5.0,10.0,8.0,2.0,6.0,長華*,"['LED照明產業', 'LED照明產業:燈具_應用', 'LED照明產業:生產製程、檢測設備及原物料', '半導體', '半導體:基板', '半導體:導線架', '半導體:生產製程及檢測設備', '太陽能產業', '太陽能產業:太陽能發電設備_系統及系統工程', '太陽能產業:太陽能電廠', '平面顯示器', '平面顯示器:擴散膜、增亮膜、導光板', '平面顯示器:背光源(發光二極體、冷陰極管)', '平面顯示器:驅動IC', '觸控面板', '觸控面板:膠材']",23.0,8.0
3023,10.0,8.0,10.0,10.0,5.0,5.0,10.0,10.0,10.0,6.0,6.0,8.0,6.0,7.0,7.0,6.0,10.0,8.0,5.0,10.0,2.0,1.0,信邦,"['LED照明產業', 'LED照明產業:燈具_應用', '太陽能產業', '太陽能產業:太陽能發電設備_系統及系統工程', '平面顯示器', '平面顯示器:其他零組件', '通信網路', '通信網路:線材', '連接器', '連接器:連接器設計、組裝及製造', '電動車輛產業', '電動車輛產業:大功率鋰電池芯_模組、電池管理系統、動力馬達等零組件', '電腦及週邊設備', '電腦及週邊設備:連接線', '風力發電', '風力發電:其他配件']",41.0,3.0
3006,9.0,8.0,5.0,9.0,8.0,4.0,9.0,9.0,9.0,1.0,1.0,2.0,1.0,2.0,2.0,1.0,1.0,1.0,4.0,10.0,1.0,10.0,晶豪科,"['半導體', '半導體:記憶體IC']",21.0,11.0
3484,6.0,4.0,,6.0,2.0,7.0,6.0,6.0,6.0,5.0,2.0,5.0,3.0,5.0,5.0,3.0,6.0,3.0,9.0,6.0,9.0,6.0,崧騰,"['電腦及週邊設備', '電腦及週邊設備:其他電腦及週邊設備之零組件']",19.0,15.0
6288,4.0,8.0,3.0,7.0,6.0,4.0,7.0,7.0,7.0,3.0,5.0,3.0,6.0,3.0,3.0,2.0,3.0,3.0,3.0,8.0,2.0,6.0,聯嘉,"['LED照明產業', 'LED照明產業:封裝_模組', 'LED照明產業:燈具_應用']",26.0,8.0
4968,10.0,5.0,,6.0,7.0,8.0,6.0,6.0,6.0,6.0,2.0,2.0,1.0,2.0,2.0,1.0,1.0,2.0,2.0,5.0,3.0,10.0,立積,"['半導體', '半導體:網路通訊IC']",23.0,13.0
8367,6.0,5.0,2.0,6.0,9.0,9.0,5.0,5.0,5.0,7.0,3.0,9.0,3.0,6.0,6.0,3.0,6.0,4.0,9.0,,8.0,6.0,建新國際,"['交通運輸及航運', '交通運輸及航運:散裝航運', '交通運輸及航運:貨櫃航運']",28.0,14.0
5608,3.0,9.0,7.0,6.0,2.0,2.0,6.0,6.0,6.0,1.0,1.0,3.0,2.0,1.0,1.0,1.0,1.0,2.0,10.0,3.0,1.0,6.0,四維航,"['交通運輸及航運', '交通運輸及航運:散裝航運']",11.0,7.0
3339,2.0,3.0,,2.0,7.0,7.0,2.0,2.0,2.0,2.0,10.0,2.0,9.0,6.0,6.0,9.0,4.0,2.0,2.0,3.0,3.0,6.0,泰谷,"['LED照明產業', 'LED照明產業:光源_磊晶']",39.0,9.0
4540,5.0,5.0,2.0,4.0,1.0,3.0,5.0,5.0,5.0,4.0,2.0,2.0,2.0,4.0,4.0,2.0,5.0,3.0,8.0,9.0,5.0,6.0,全球傳動,"['電機機械', '電機機械:傳動元件']",15.0,11.0
2239,7.0,6.0,8.0,9.0,5.0,4.0,9.0,9.0,9.0,3.0,5.0,4.0,5.0,3.0,3.0,4.0,5.0,4.0,3.0,9.0,4.0,6.0,英利-KY,"['汽車', '汽車:保險桿', '汽車:其他']",30.0,10.0
3663,5.0,4.0,5.0,5.0,9.0,3.0,5.0,5.0,5.0,2.0,9.0,4.0,10.0,4.0,4.0,9.0,4.0,9.0,5.0,6.0,4.0,6.0,鑫科,"['太陽能產業', '太陽能產業:材料', '平面顯示器', '平面顯示器:化學品(如光阻劑、靶材等)', '被動元件', '被動元件:電阻器材料(氧化鋁陶瓷基板、導電漿墨)', '觸控面板', '觸控面板:ITO導電薄膜']",51.0,10.0
6585,9.0,4.0,3.0,6.0,8.0,3.0,6.0,6.0,6.0,8.0,9.0,10.0,9.0,9.0,9.0,9.0,9.0,10.0,5.0,6.0,1.0,10.0,鼎基,"['其他', '其他:其他', '石化及塑橡膠', '石化及塑橡膠:塑膠製品']",54.0,11.0
5209,10.0,1.0,10.0,8.0,10.0,6.0,8.0,8.0,8.0,2.0,7.0,5.0,6.0,5.0,5.0,7.0,10.0,8.0,7.0,1.0,4.0,6.0,新鼎,"['人工智慧', '人工智慧:智慧設備', '人工智慧:機器學習', '人工智慧:移動控制', '人工智慧:系統整合', '人工智慧:自然語言處理', '人工智慧:資料處理', '人工智慧:運算設備', '人工智慧:雲端平台', '人工智慧:電腦視覺', '人工智慧:領域解決方案', '人工智慧:顧問諮詢', '大數據', '大數據:儲存處理', '大數據:分析工具', '大數據:應用軟體', '大數據:系統整合', '大數據:資料庫', '大數據:運算元件與設備', '大數據:雲端平台', '大數據:領域解決方案', '大數據:顧問諮詢', '軟體服務', '軟體服務:系統整合服務']",48.0,10.0
2104,3.0,10.0,1.0,9.0,3.0,2.0,9.0,9.0,9.0,2.0,1.0,4.0,2.0,3.0,3.0,2.0,3.0,2.0,3.0,9.0,1.0,6.0,國際中橡,"['石化及塑橡膠', '石化及塑橡膠:橡塑膠添加劑']",13.0,7.0
3625,2.0,6.0,3.0,3.0,10.0,2.0,3.0,3.0,3.0,3.0,10.0,3.0,8.0,2.0,2.0,9.0,2.0,3.0,2.0,3.0,4.0,6.0,西勝,"['能源元件', '能源元件:電池模組', '電動車輛產業', '電動車輛產業:大功率鋰電池芯_模組、電池管理系統、動力馬達等零組件', '電腦及週邊設備', '電腦及週邊設備:電池']",42.0,10.0
5306,9.0,6.0,4.0,7.0,2.0,4.0,7.0,7.0,7.0,8.0,2.0,9.0,3.0,8.0,8.0,2.0,8.0,3.0,10.0,7.0,3.0,6.0,桂盟,"['休閒娛樂', '休閒娛樂:休閒車業', '其他', '其他:其他', '鋼鐵', '鋼鐵:金屬製品', '電機機械', '電機機械:車用機械傳動設備及零配件']",21.0,9.0
5450,2.0,6.0,,5.0,4.0,8.0,5.0,5.0,5.0,5.0,2.0,3.0,2.0,3.0,3.0,2.0,3.0,2.0,6.0,5.0,5.0,6.0,南良,"['紡織', '紡織:成衣及其它家居紡織類品']",14.0,11.0
2201,8.0,10.0,,10.0,6.0,4.0,10.0,10.0,10.0,8.0,6.0,7.0,6.0,7.0,7.0,10.0,8.0,1.0,3.0,10.0,9.0,1.0,裕隆,"['汽車', '汽車:整車組裝、修理及技術服務']",37.0,10.0
2231,9.0,7.0,5.0,6.0,2.0,2.0,7.0,6.0,7.0,8.0,8.0,8.0,10.0,7.0,7.0,7.0,7.0,5.0,4.0,7.0,3.0,6.0,為升,"['汽車', '汽車:整車組裝、修理及技術服務']",41.0,9.0
6196,9.0,8.0,10.0,10.0,5.0,7.0,10.0,10.0,10.0,2.0,4.0,5.0,4.0,4.0,4.0,4.0,10.0,5.0,7.0,10.0,2.0,6.0,帆宣,"['其他', '其他:其他電子產品及電子服務產業']",31.0,8.0
2208,3.0,10.0,10.0,9.0,3.0,5.0,9.0,9.0,9.0,1.0,9.0,3.0,9.0,2.0,2.0,8.0,1.0,5.0,2.0,9.0,1.0,6.0,台船,"['其他', '其他:其他', '風力發電', '風力發電:風場營造']",37.0,7.0
8299,10.0,8.0,8.0,10.0,9.0,7.0,10.0,10.0,10.0,7.0,7.0,5.0,3.0,5.0,5.0,5.0,10.0,5.0,5.0,10.0,9.0,1.0,群聯,"['半導體', '半導體:IC模組', '半導體:IC通路', '半導體:IP設計_IC設計代工服務', '半導體:記憶體控制IC', '電腦及週邊設備', '電腦及週邊設備:其他電腦及週邊設備之零組件', '電腦及週邊設備:記憶體', '電腦及週邊設備:隨身碟、記憶卡讀卡機']",39.0,10.0
4564,3.0,8.0,3.0,3.0,3.0,3.0,4.0,3.0,4.0,1.0,1.0,2.0,1.0,1.0,1.0,1.0,1.0,10.0,3.0,5.0,2.0,6.0,元翎,"['電機機械', '電機機械:金屬加工處理']",19.0,8.0
1727,4.0,6.0,,5.0,3.0,9.0,4.0,5.0,4.0,2.0,6.0,3.0,9.0,3.0,3.0,10.0,3.0,1.0,5.0,4.0,8.0,6.0,中華化,"['半導體', '半導體:化學品', '石化及塑橡膠', '石化及塑橡膠:PTA(對苯二甲酸)觸媒', '石化及塑橡膠:工業用合成樹脂', '石化及塑橡膠:界面活性劑', '紡織', '紡織:化學助劑']",33.0,14.0
2368,10.0,9.0,,10.0,6.0,6.0,10.0,10.0,10.0,7.0,6.0,9.0,6.0,8.0,8.0,5.0,9.0,6.0,4.0,9.0,10.0,1.0,金像電,"['印刷電路板', '印刷電路板:硬板、軟板、IC載板製造']",39.0,11.0
6190,4.0,7.0,,7.0,5.0,7.0,8.0,7.0,8.0,3.0,2.0,5.0,3.0,4.0,4.0,3.0,5.0,3.0,9.0,8.0,3.0,6.0,萬泰科,"['太空衛星科技', '太空衛星科技:低軌衛星', '通信網路', '通信網路:線材']",20.0,9.0
3597,3.0,2.0,2.0,2.0,2.0,7.0,2.0,2.0,2.0,4.0,1.0,3.0,2.0,4.0,4.0,2.0,4.0,3.0,10.0,2.0,6.0,6.0,映興,"['其他', '其他:其他', '其他:其他電子產品及電子服務產業', '連接器', '連接器:連接器設計、組裝及製造']",13.0,12.0
8420,7.0,3.0,,1.0,1.0,10.0,6.0,3.0,6.0,7.0,8.0,10.0,8.0,1.0,1.0,1.0,1.0,1.0,10.0,4.0,5.0,6.0,明揚,"['休閒娛樂', '休閒娛樂:高爾夫球具業']",26.0,11.0
6477,6.0,6.0,3.0,3.0,1.0,3.0,4.0,3.0,4.0,8.0,2.0,10.0,4.0,9.0,9.0,3.0,5.0,4.0,5.0,5.0,2.0,6.0,安集,"['太陽能產業', '太陽能產業:太陽能電廠', '太陽能產業:太陽能電池模組']",20.0,8.0
3465,8.0,2.0,,3.0,9.0,9.0,4.0,3.0,3.0,5.0,8.0,6.0,9.0,6.0,6.0,5.0,7.0,5.0,8.0,4.0,8.0,6.0,進泰電子,"['其他', '其他:其他電子產品及電子服務產業']",44.0,14.0
3323,4.0,5.0,6.0,7.0,1.0,3.0,8.0,7.0,8.0,2.0,2.0,4.0,2.0,3.0,3.0,2.0,1.0,2.0,8.0,8.0,8.0,6.0,加百裕,"['能源元件', '能源元件:電池模組', '電腦及週邊設備', '電腦及週邊設備:電池']",13.0,14.0
4744,4.0,3.0,8.0,4.0,9.0,9.0,3.0,3.0,3.0,9.0,9.0,6.0,10.0,6.0,6.0,5.0,5.0,4.0,6.0,5.0,9.0,6.0,皇將,"['醫療器材', '醫療器材:其他']",41.0,15.0
6134,3.0,4.0,,3.0,2.0,9.0,3.0,3.0,3.0,6.0,3.0,2.0,1.0,3.0,3.0,2.0,3.0,3.0,2.0,3.0,5.0,6.0,萬旭,"['電腦及週邊設備', '電腦及週邊設備:連接線']",14.0,11.0
4438,9.0,6.0,8.0,8.0,1.0,1.0,9.0,9.0,9.0,3.0,3.0,7.0,4.0,7.0,7.0,4.0,10.0,5.0,9.0,9.0,5.0,6.0,廣越,"['紡織', '紡織:成衣及其它家居紡織類品', '醫療器材', '醫療器材:衛生用品']",26.0,11.0
4155,3.0,7.0,6.0,3.0,1.0,7.0,4.0,3.0,3.0,3.0,2.0,2.0,1.0,3.0,3.0,2.0,3.0,2.0,10.0,5.0,9.0,6.0,訊映,"['醫療器材', '醫療器材:醫療耗材']",11.0,15.0
5434,10.0,7.0,10.0,10.0,4.0,2.0,10.0,10.0,10.0,3.0,5.0,6.0,6.0,5.0,5.0,6.0,10.0,6.0,9.0,9.0,2.0,10.0,崇越,"['LED照明產業', 'LED照明產業:封裝_模組', 'LED照明產業:生產製程、檢測設備及原物料', '半導體', '半導體:化學品', '半導體:生產製程及檢測設備', '太陽能產業', '太陽能產業:太陽能發電設備_系統及系統工程', '太陽能產業:太陽能電池模組', '太陽能產業:材料', '被動元件', '被動元件:電感器', '被動元件:電阻器材料(氧化鋁陶瓷基板、導電漿墨)', '貿易百貨', '貿易百貨:貿易商、代理商、經銷商']",37.0,12.0
6796,9.0,1.0,3.0,2.0,6.0,8.0,2.0,2.0,2.0,10.0,8.0,7.0,7.0,8.0,8.0,5.0,6.0,5.0,4.0,3.0,5.0,6.0,晉弘,"['醫療器材', '醫療器材:其他']",40.0,11.0
2338,8.0,8.0,8.0,8.0,4.0,6.0,8.0,8.0,8.0,6.0,5.0,7.0,4.0,2.0,2.0,1.0,1.0,2.0,6.0,6.0,2.0,10.0,光罩,"['半導體', '半導體:光罩']",24.0,12.0
6806,9.0,8.0,3.0,9.0,10.0,7.0,8.0,9.0,8.0,2.0,10.0,6.0,10.0,4.0,4.0,10.0,6.0,10.0,3.0,1.0,1.0,1.0,森崴能源,"['太陽能產業', '太陽能產業:太陽能發電設備_系統及系統工程', '太陽能產業:太陽能電廠', '風力發電', '風力發電:發電營運', '風力發電:風場營造', '風力發電:風場規劃', '風力發電:風場開發', '風力發電:風機維護']",59.0,2.0
3357,9.0,6.0,,7.0,4.0,8.0,7.0,7.0,7.0,5.0,3.0,6.0,3.0,7.0,7.0,3.0,8.0,4.0,9.0,7.0,8.0,10.0,臺慶科,"['被動元件', '被動元件:電感器', '被動元件:電感器材料(如鐵氧體、導電漿墨)']",26.0,18.0
8473,4.0,7.0,7.0,6.0,3.0,9.0,6.0,6.0,6.0,5.0,10.0,9.0,9.0,5.0,5.0,9.0,4.0,2.0,2.0,,6.0,6.0,山林水,"['其他', '其他:環保潔能服務產業']",37.0,12.0
3680,10.0,5.0,9.0,6.0,2.0,1.0,7.0,7.0,7.0,9.0,8.0,9.0,5.0,8.0,8.0,5.0,9.0,5.0,4.0,8.0,2.0,10.0,家登,"['半導體', '半導體:生產製程及檢測設備']",35.0,12.0
3580,7.0,2.0,6.0,3.0,2.0,10.0,3.0,3.0,3.0,9.0,2.0,9.0,3.0,9.0,9.0,3.0,8.0,3.0,10.0,4.0,8.0,6.0,友威科,"['其他', '其他:其他電子產品及電子服務產業']",20.0,14.0
1589,7.0,6.0,,8.0,3.0,7.0,8.0,8.0,8.0,3.0,3.0,3.0,1.0,2.0,2.0,3.0,1.0,9.0,2.0,9.0,2.0,6.0,永冠-KY,"['能源元件', '能源元件:原材料', '電機機械', '電機機械:鋼鑄鐵元件', '風力發電', '風力發電:其他配件', '風力發電:風場開發', '風力發電:齒輪箱']",26.0,8.0
5905,1.0,8.0,8.0,3.0,5.0,1.0,3.0,3.0,3.0,10.0,5.0,2.0,1.0,10.0,10.0,10.0,5.0,1.0,2.0,6.0,2.0,6.0,南仁湖,"['休閒娛樂', '休閒娛樂:旅館服務業', '貿易百貨', '貿易百貨:零售通路']",23.0,8.0
3701,7.0,8.0,8.0,9.0,5.0,1.0,9.0,9.0,9.0,4.0,9.0,7.0,9.0,6.0,6.0,8.0,7.0,9.0,3.0,9.0,4.0,6.0,大眾控,"['電腦及週邊設備', '電腦及週邊設備:其他電腦及週邊設備之零組件', '電腦及週邊設備:工業電腦']",47.0,10.0
2727,10.0,5.0,10.0,9.0,7.0,3.0,9.0,9.0,9.0,9.0,8.0,6.0,8.0,5.0,5.0,8.0,10.0,8.0,4.0,8.0,3.0,6.0,王品,"['食品', '食品:餐飲連鎖']",49.0,9.0
8462,9.0,4.0,9.0,7.0,8.0,5.0,7.0,7.0,7.0,5.0,9.0,6.0,10.0,4.0,4.0,10.0,6.0,10.0,4.0,1.0,5.0,6.0,柏文,"['休閒娛樂', '休閒娛樂:娛樂服務業']",56.0,11.0
6804,7.0,2.0,5.0,6.0,2.0,9.0,6.0,5.0,6.0,2.0,6.0,4.0,4.0,4.0,4.0,5.0,7.0,5.0,8.0,5.0,5.0,6.0,明係,"['休閒娛樂', '休閒娛樂:休閒車業']",29.0,11.0
5309,5.0,7.0,3.0,6.0,5.0,4.0,6.0,6.0,6.0,5.0,4.0,4.0,2.0,5.0,5.0,3.0,5.0,4.0,2.0,5.0,2.0,6.0,系統電,"['能源元件', '能源元件:電池模組', '電腦及週邊設備', '電腦及週邊設備:其他電腦及週邊設備']",23.0,8.0
5351,7.0,8.0,1.0,6.0,7.0,6.0,5.0,5.0,5.0,1.0,1.0,1.0,1.0,1.0,1.0,1.0,1.0,1.0,3.0,9.0,2.0,6.0,鈺創,"['人工智慧', '人工智慧:系統整合', '人工智慧:電腦視覺', '人工智慧:領域解決方案', '元宇宙', '元宇宙:高速傳輸', '半導體', '半導體:記憶體IC', '體驗科技', '體驗科技:AR Smart Glasses', '體驗科技:CPU', '體驗科技:GPU', '體驗科技:HPU', '體驗科技:IC', '體驗科技:MR Headset & SG', '體驗科技:SLAM', '體驗科技:SoC', '體驗科技:VR Headset', '體驗科技:使用者感知', '體驗科技:其他', '體驗科技:感測器_模組', '體驗科技:手勢_動作', '體驗科技:深度感測', '體驗科技:環境感知', '體驗科技:處理器_IC', '體驗科技:視覺', '體驗科技:觸覺', '體驗科技:語音', '體驗科技:頭顯裝置品牌廠']",18.0,8.0
6438,9.0,4.0,9.0,7.0,5.0,7.0,7.0,7.0,7.0,8.0,5.0,9.0,4.0,8.0,8.0,5.0,10.0,5.0,9.0,8.0,3.0,6.0,迅得,"['印刷電路板', '印刷電路板:生產製程及檢測設備', '平面顯示器', '平面顯示器:生產製程及檢測設備']",33.0,9.0
3122,6.0,2.0,,2.0,9.0,5.0,1.0,2.0,1.0,7.0,8.0,2.0,7.0,2.0,2.0,8.0,2.0,5.0,3.0,2.0,10.0,6.0,笙泉,"['半導體', '半導體:LED驅動IC', '半導體:微控制器IC', '半導體:消費性IC']",43.0,16.0
6175,5.0,7.0,2.0,6.0,6.0,4.0,6.0,6.0,6.0,4.0,3.0,7.0,3.0,7.0,7.0,4.0,6.0,5.0,8.0,6.0,4.0,6.0,立敦,"['被動元件', '被動元件:電容器材料(如電蝕／化成鋁箔、介面瓷粉)']",26.0,10.0
8027,8.0,5.0,5.0,4.0,3.0,8.0,4.0,4.0,4.0,8.0,3.0,4.0,2.0,6.0,6.0,3.0,5.0,3.0,6.0,7.0,4.0,6.0,鈦昇,"['半導體', '半導體:生產製程及檢測設備', '電機機械', '電機機械:專用機械(如紡織成衣生產用機械、食品飲料生產用機械、農林用機械等)']",22.0,10.0
3088,8.0,6.0,7.0,7.0,4.0,2.0,8.0,8.0,8.0,8.0,6.0,8.0,7.0,8.0,8.0,7.0,9.0,8.0,7.0,8.0,2.0,6.0,艾訊,"['觸控面板', '觸控面板:工業用設備', '觸控面板:資訊收集設備', '電腦及週邊設備', '電腦及週邊設備:其他電腦及週邊設備', '電腦及週邊設備:工業電腦']",40.0,8.0
5009,7.0,9.0,,9.0,6.0,4.0,9.0,9.0,9.0,6.0,5.0,9.0,6.0,8.0,8.0,6.0,7.0,5.0,8.0,10.0,3.0,10.0,榮剛,"['航太週邊', '航太週邊:航空零組件', '鋼鐵', '鋼鐵:不鏽鋼棒線', '鋼鐵:不鏽鋼胚', '鋼鐵:鋼胚']",35.0,13.0
1599,5.0,4.0,6.0,4.0,1.0,2.0,5.0,5.0,5.0,5.0,6.0,6.0,5.0,6.0,6.0,6.0,8.0,7.0,7.0,5.0,5.0,6.0,宏佳騰,"['休閒娛樂', '休閒娛樂:休閒車業', '電動車輛產業', '電動車輛產業:電動汽車、電動機車、電動自行車']",30.0,11.0
3645,6.0,6.0,1.0,4.0,4.0,2.0,4.0,4.0,4.0,6.0,10.0,7.0,9.0,7.0,7.0,10.0,6.0,1.0,4.0,5.0,4.0,6.0,達邁,"['印刷電路板', '印刷電路板:聚亞醯胺樹脂']",40.0,10.0
3042,9.0,8.0,2.0,9.0,7.0,3.0,8.0,9.0,8.0,8.0,4.0,9.0,4.0,9.0,9.0,4.0,9.0,5.0,10.0,8.0,1.0,1.0,晶技,"['被動元件', '被動元件:濾波器、振盪器']",33.0,2.0
4556,4.0,2.0,2.0,2.0,6.0,8.0,2.0,2.0,2.0,8.0,3.0,6.0,3.0,3.0,3.0,2.0,3.0,3.0,4.0,4.0,,,旭然,"['其他', '其他:其他']",21.0,
6761,8.0,1.0,,5.0,5.0,7.0,4.0,5.0,4.0,6.0,4.0,6.0,3.0,5.0,5.0,4.0,8.0,4.0,10.0,5.0,6.0,6.0,穩得,"['其他', '其他:其他電子產品及電子服務產業']",28.0,12.0
1474,1.0,6.0,6.0,6.0,8.0,9.0,6.0,6.0,5.0,2.0,2.0,3.0,1.0,2.0,2.0,1.0,2.0,1.0,6.0,7.0,6.0,6.0,弘裕,"['紡織', '紡織:織布']",14.0,12.0
3707,8.0,9.0,8.0,7.0,3.0,6.0,8.0,8.0,8.0,2.0,1.0,3.0,2.0,3.0,3.0,2.0,3.0,2.0,4.0,8.0,2.0,6.0,漢磊,"['半導體', '半導體:DRAM製造', '半導體:IC_晶圓製造', '半導體:其他IC_二極體製造', '半導體:晶圓製造', '半導體:砷化鎵']",18.0,8.0
6282,6.0,10.0,,10.0,9.0,8.0,10.0,10.0,9.0,5.0,9.0,4.0,5.0,3.0,3.0,2.0,3.0,2.0,3.0,10.0,10.0,10.0,康舒,"['平面顯示器', '平面顯示器:其他零組件', '智慧電網', '智慧電網:配電管理設施', '智慧電網:高_低壓輸電設施', '電動車輛產業', '電動車輛產業:大功率鋰電池芯_模組、電池管理系統、動力馬達等零組件', '電腦及週邊設備', '電腦及週邊設備:電源供應器']",33.0,20.0
6104,9.0,5.0,,6.0,9.0,6.0,5.0,6.0,5.0,9.0,6.0,6.0,10.0,6.0,6.0,9.0,6.0,10.0,4.0,6.0,3.0,6.0,創惟,"['元宇宙', '元宇宙:高速傳輸', '半導體', '半導體:輸出入介面IC']",53.0,9.0
6284,8.0,7.0,,8.0,8.0,8.0,8.0,8.0,8.0,6.0,8.0,8.0,9.0,8.0,8.0,8.0,9.0,8.0,4.0,7.0,10.0,6.0,佳邦,"['被動元件', '被動元件:濾波器、振盪器', '被動元件:電容器', '被動元件:電感器', '通信網路', '通信網路:主_被動元件']",49.0,16.0
6823,8.0,1.0,1.0,2.0,1.0,9.0,2.0,1.0,2.0,2.0,1.0,1.0,1.0,1.0,1.0,1.0,1.0,1.0,8.0,3.0,5.0,6.0,濾能,"['半導體', '半導體:生產製程及檢測設備']",13.0,11.0
8996,10.0,5.0,,6.0,7.0,9.0,7.0,6.0,7.0,7.0,9.0,9.0,9.0,9.0,9.0,9.0,9.0,10.0,3.0,7.0,10.0,1.0,高力,"['電機機械', '電機機械:油空壓元件']",54.0,11.0
6274,9.0,8.0,,9.0,7.0,8.0,9.0,9.0,9.0,4.0,7.0,7.0,8.0,6.0,6.0,8.0,8.0,9.0,6.0,8.0,2.0,1.0,台燿,"['印刷電路板', '印刷電路板:銅箔基板']",48.0,3.0
6209,4.0,7.0,,5.0,3.0,4.0,6.0,5.0,6.0,1.0,2.0,3.0,7.0,3.0,3.0,2.0,3.0,2.0,5.0,6.0,9.0,6.0,今國光,"['電腦及週邊設備', '電腦及週邊設備:光學鏡片、鏡頭']",20.0,15.0
8255,10.0,6.0,,8.0,9.0,8.0,7.0,8.0,7.0,6.0,8.0,5.0,5.0,7.0,7.0,6.0,9.0,8.0,5.0,7.0,10.0,1.0,朋程,"['半導體', '半導體:砷化鎵', '電動車輛產業', '電動車輛產業:大功率鋰電池芯_模組、電池管理系統、動力馬達等零組件', '電機機械', '電機機械:車用機械傳動設備及零配件']",46.0,11.0
1533,7.0,5.0,6.0,6.0,3.0,1.0,7.0,7.0,7.0,4.0,4.0,3.0,3.0,2.0,2.0,4.0,3.0,3.0,2.0,8.0,7.0,6.0,車王電,"['汽車', '汽車:ADAS', '汽車:其他', '電動車輛產業', '電動車輛產業:大功率鋰電池芯_模組、電池管理系統、動力馬達等零組件', '電機機械', '電機機械:手工具機', '電機機械:車用機械傳動設備及零配件', '電機機械:電控元件']",24.0,13.0
8171,6.0,4.0,8.0,3.0,2.0,9.0,3.0,3.0,3.0,1.0,1.0,2.0,1.0,5.0,5.0,2.0,4.0,3.0,4.0,4.0,3.0,6.0,天宇,"['能源元件', '能源元件:電池模組', '通信網路', '通信網路:其他零組件', '電動車輛產業', '電動車輛產業:大功率鋰電池芯_模組、電池管理系統、動力馬達等零組件']",15.0,9.0
6150,9.0,2.0,7.0,8.0,10.0,3.0,7.0,8.0,7.0,1.0,10.0,3.0,8.0,2.0,2.0,9.0,1.0,3.0,2.0,7.0,3.0,6.0,撼訊,"['區塊鏈', '區塊鏈:元件裝置', '電腦及週邊設備', '電腦及週邊設備:顯示卡']",49.0,9.0
2012,3.0,8.0,9.0,8.0,4.0,7.0,8.0,8.0,8.0,3.0,4.0,5.0,4.0,4.0,4.0,3.0,3.0,3.0,9.0,9.0,4.0,6.0,春雨,"['鋼鐵', '鋼鐵:模具', '鋼鐵:機械設備(如產業機械、精密機械、工具機)', '鋼鐵:線材盤元', '鋼鐵:螺絲螺帽', '鋼鐵:金屬製品', '鋼鐵:鋼線鋼纜', '風力發電', '風力發電:其他配件']",21.0,10.0
5543,6.0,2.0,7.0,6.0,5.0,3.0,6.0,6.0,6.0,3.0,3.0,4.0,3.0,3.0,3.0,2.0,2.0,1.0,4.0,7.0,,,桓鼎-KY,"['建材營造', '建材營造:建材原料', '能源元件', '能源元件:電池模組']",20.0,
4303,3.0,4.0,1.0,1.0,1.0,9.0,1.0,1.0,1.0,1.0,1.0,1.0,1.0,6.0,6.0,10.0,3.0,1.0,2.0,1.0,5.0,6.0,信立,"['石化及塑橡膠', '石化及塑橡膠:人造纖維', '石化及塑橡膠:塑膠製品']",17.0,11.0
3128,4.0,2.0,4.0,3.0,3.0,2.0,3.0,3.0,3.0,7.0,5.0,6.0,6.0,5.0,5.0,4.0,5.0,5.0,7.0,4.0,3.0,6.0,昇銳,"['人工智慧', '人工智慧:系統整合', '平面顯示器', '平面顯示器:監視器_顯示器', '汽車', '汽車:其他', '電腦及週邊設備', '電腦及週邊設備:安全監控系統', '電腦及週邊設備:磁碟儲存系統']",27.0,9.0
4190,7.0,3.0,10.0,5.0,2.0,2.0,6.0,6.0,6.0,10.0,6.0,2.0,1.0,2.0,2.0,1.0,1.0,10.0,4.0,5.0,6.0,6.0,無資料,無資料,27.0,12.0
6509,6.0,7.0,6.0,7.0,3.0,7.0,7.0,7.0,7.0,6.0,3.0,8.0,4.0,6.0,6.0,4.0,6.0,4.0,6.0,7.0,8.0,6.0,聚和,"['石化及塑橡膠', '石化及塑橡膠:顏染料', '能源元件', '能源元件:原材料', '能源元件:電池模組', '能源元件:電池芯']",24.0,14.0
6668,6.0,5.0,5.0,4.0,6.0,10.0,3.0,3.0,3.0,2.0,2.0,1.0,2.0,1.0,1.0,1.0,1.0,10.0,2.0,3.0,3.0,6.0,中揚光,"['電腦及週邊設備', '電腦及週邊設備:光學鏡片、鏡頭']",27.0,9.0
5871,10.0,10.0,,10.0,7.0,4.0,10.0,10.0,10.0,10.0,6.0,10.0,5.0,10.0,10.0,6.0,10.0,6.0,6.0,1.0,10.0,6.0,中租-KY,"['太陽能產業', '太陽能產業:太陽能電廠', '金融', '金融:租賃業']",40.0,16.0
6641,6.0,2.0,7.0,5.0,7.0,3.0,4.0,5.0,4.0,7.0,4.0,3.0,2.0,4.0,4.0,3.0,5.0,3.0,10.0,3.0,6.0,6.0,無資料,無資料,25.0,12.0
6015,1.0,9.0,,5.0,10.0,10.0,3.0,3.0,3.0,10.0,9.0,3.0,9.0,6.0,6.0,10.0,3.0,1.0,2.0,,2.0,6.0,宏遠證,"['金融', '金融:證券業']",40.0,8.0
4739,8.0,6.0,,6.0,1.0,3.0,7.0,7.0,7.0,1.0,1.0,3.0,1.0,3.0,3.0,2.0,2.0,2.0,7.0,7.0,3.0,6.0,康普,"['石化及塑橡膠', '石化及塑橡膠:PTA(對苯二甲酸)觸媒', '石化及塑橡膠:接著劑(合成樹脂)', '紡織', '紡織:化學助劑', '能源元件', '能源元件:原材料', '被動元件', '被動元件:濾波器、振盪器材料(鉭酸鋰／鈮酸鋰晶圓／片、石英基板、金屬及陶瓷封裝材料)', '電動車輛產業', '電動車輛產業:鋰電池材料']",15.0,9.0
3605,5.0,6.0,,8.0,5.0,7.0,8.0,8.0,8.0,5.0,5.0,3.0,6.0,3.0,3.0,3.0,4.0,3.0,4.0,7.0,3.0,6.0,宏致,"['連接器', '連接器:連接器設計、組裝及製造']",27.0,9.0
2497,8.0,6.0,3.0,7.0,4.0,8.0,6.0,7.0,6.0,5.0,5.0,6.0,6.0,6.0,6.0,5.0,7.0,6.0,3.0,7.0,3.0,6.0,怡利電,"['其他', '其他:其他電子產品及電子服務產業', '汽車', '汽車:ADAS', '汽車:其他']",34.0,9.0
3576,2.0,10.0,9.0,8.0,1.0,3.0,9.0,8.0,9.0,1.0,1.0,1.0,1.0,1.0,1.0,1.0,1.0,1.0,3.0,8.0,1.0,6.0,聯合再生,"['太陽能產業', '太陽能產業:太陽能電池', '太陽能產業:太陽能電池模組']",7.0,7.0
2905,1.0,10.0,10.0,1.0,10.0,1.0,10.0,10.0,10.0,,9.0,,10.0,,,9.0,8.0,9.0,2.0,9.0,2.0,6.0,三商,"['貿易百貨', '貿易百貨:零售通路']",48.0,8.0
9921,10.0,9.0,,10.0,2.0,7.0,10.0,10.0,10.0,5.0,3.0,6.0,3.0,5.0,5.0,4.0,10.0,4.0,7.0,10.0,9.0,1.0,巨大,"['其他', '其他:其他']",26.0,10.0
3167,7.0,5.0,8.0,5.0,8.0,5.0,4.0,4.0,4.0,6.0,5.0,2.0,8.0,4.0,4.0,4.0,3.0,4.0,8.0,7.0,8.0,6.0,大量,"['鋼鐵', '鋼鐵:機械設備(如產業機械、精密機械、工具機)', '電機機械', '電機機械:專用機械(如紡織成衣生產用機械、食品飲料生產用機械、農林用機械等)']",36.0,14.0
4148,7.0,3.0,2.0,6.0,2.0,9.0,6.0,5.0,6.0,6.0,2.0,8.0,3.0,8.0,8.0,3.0,7.0,4.0,8.0,6.0,8.0,6.0,無資料,無資料,21.0,14.0
6182,6.0,9.0,,8.0,2.0,4.0,8.0,8.0,8.0,6.0,2.0,7.0,3.0,7.0,7.0,3.0,4.0,3.0,9.0,9.0,10.0,1.0,合晶,"['半導體', '半導體:晶圓製造']",19.0,11.0
5457,7.0,7.0,4.0,9.0,6.0,6.0,9.0,9.0,9.0,5.0,5.0,8.0,6.0,7.0,7.0,5.0,8.0,5.0,6.0,8.0,2.0,6.0,宣德,"['連接器', '連接器:連接器設計、組裝及製造']",34.0,8.0
1805,2.0,4.0,8.0,1.0,4.0,2.0,1.0,1.0,1.0,1.0,2.0,2.0,8.0,2.0,2.0,9.0,3.0,3.0,2.0,5.0,7.0,6.0,寶徠,"['建材營造', '建材營造:建設業']",28.0,13.0
3138,10.0,2.0,,5.0,4.0,4.0,4.0,5.0,4.0,9.0,5.0,8.0,7.0,8.0,8.0,5.0,8.0,5.0,5.0,4.0,3.0,6.0,耀登,"['太空衛星科技', '太空衛星科技:低軌衛星', '通信網路', '通信網路:其他零組件']",36.0,9.0
3631,5.0,5.0,,1.0,3.0,8.0,1.0,1.0,1.0,3.0,10.0,1.0,6.0,1.0,1.0,7.0,2.0,6.0,2.0,4.0,6.0,6.0,晟楠,"['半導體', '半導體:化學品']",37.0,12.0
1909,2.0,10.0,8.0,10.0,4.0,4.0,10.0,10.0,10.0,2.0,9.0,4.0,9.0,3.0,3.0,9.0,2.0,3.0,4.0,9.0,1.0,6.0,榮成,"['造紙', '造紙:紙漿、紙類原料']",36.0,7.0
5245,6.0,2.0,4.0,3.0,1.0,7.0,3.0,3.0,3.0,1.0,1.0,1.0,1.0,1.0,1.0,1.0,1.0,1.0,9.0,4.0,6.0,6.0,智晶,"['平面顯示器', '平面顯示器:面板', '平面顯示器:顯示器模組']",11.0,12.0
6552,5.0,5.0,5.0,5.0,6.0,2.0,4.0,5.0,4.0,2.0,10.0,3.0,9.0,4.0,4.0,10.0,4.0,10.0,3.0,4.0,4.0,6.0,易華電,"['半導體', '半導體:基板']",50.0,10.0
3687,9.0,1.0,8.0,4.0,6.0,7.0,4.0,4.0,4.0,8.0,5.0,9.0,5.0,9.0,9.0,7.0,5.0,8.0,4.0,1.0,9.0,6.0,歐買尬,"['休閒娛樂', '休閒娛樂:營運發行', '休閒娛樂:線上遊戲業', '休閒娛樂:設計開發', '電子商務', '電子商務:金流串接處理服務']",40.0,15.0
2492,9.0,9.0,,10.0,6.0,6.0,10.0,10.0,10.0,4.0,9.0,6.0,10.0,8.0,8.0,9.0,9.0,10.0,4.0,10.0,10.0,1.0,華新科,"['被動元件', '被動元件:濾波器、振盪器', '被動元件:電容器', '被動元件:電容器材料(如電蝕／化成鋁箔、介面瓷粉)', '被動元件:電感器', '被動元件:電阻器']",53.0,11.0
6224,7.0,5.0,3.0,5.0,4.0,2.0,6.0,6.0,6.0,7.0,9.0,4.0,9.0,4.0,4.0,10.0,6.0,9.0,5.0,6.0,4.0,6.0,聚鼎,"['LED照明產業', 'LED照明產業:燈具_應用', 'LED照明產業:生產製程、檢測設備及原物料', '印刷電路板', '印刷電路板:基板組裝加工及相關製造', '印刷電路板:銅箔基板', '平面顯示器', '平面顯示器:其他零組件', '被動元件', '被動元件:電阻器', '電腦及週邊設備', '電腦及週邊設備:其他電腦及週邊設備之零組件']",48.0,10.0
2358,1.0,6.0,2.0,2.0,1.0,1.0,3.0,2.0,4.0,1.0,1.0,1.0,1.0,1.0,1.0,1.0,1.0,10.0,2.0,8.0,9.0,6.0,廷鑫,"['其他', '其他:其他']",15.0,15.0
3016,8.0,8.0,5.0,7.0,3.0,6.0,7.0,7.0,7.0,2.0,1.0,5.0,2.0,4.0,4.0,2.0,4.0,3.0,6.0,7.0,2.0,6.0,嘉晶,"['半導體', '半導體:晶圓製造']",19.0,8.0
6283,4.0,7.0,1.0,4.0,7.0,5.0,4.0,4.0,4.0,1.0,10.0,2.0,8.0,2.0,2.0,7.0,2.0,8.0,2.0,4.0,4.0,6.0,淳安,"['汽車', '汽車:其他', '電腦及週邊設備', '電腦及週邊設備:其他電腦及週邊設備之零組件']",44.0,10.0
6654,6.0,2.0,5.0,2.0,2.0,4.0,2.0,2.0,2.0,3.0,2.0,2.0,1.0,2.0,2.0,1.0,2.0,2.0,5.0,4.0,,,天正國際,"['其他', '其他:其他電子產品及電子服務產業']",14.0,
8104,5.0,4.0,6.0,5.0,2.0,2.0,5.0,5.0,5.0,2.0,2.0,3.0,1.0,1.0,1.0,1.0,1.0,1.0,7.0,5.0,5.0,6.0,錸寶,"['平面顯示器', '平面顯示器:面板', '平面顯示器:顯示器模組']",12.0,11.0
3713,4.0,4.0,7.0,4.0,1.0,10.0,2.0,3.0,3.0,4.0,3.0,3.0,2.0,3.0,3.0,2.0,3.0,3.0,2.0,4.0,,,新晶投控,"['太陽能產業', '太陽能產業:太陽能發電設備_系統及系統工程', '太陽能產業:太陽能電廠', '太陽能產業:太陽能電池模組']",15.0,
4171,6.0,3.0,2.0,1.0,2.0,8.0,1.0,1.0,1.0,8.0,1.0,1.0,1.0,1.0,1.0,1.0,1.0,1.0,10.0,3.0,2.0,6.0,瑞基,"['其他', '其他:農業科技業', '醫療器材', '醫療器材:生物檢測']",12.0,8.0
6706,8.0,4.0,9.0,3.0,1.0,1.0,4.0,3.0,4.0,1.0,1.0,1.0,1.0,2.0,2.0,2.0,2.0,2.0,9.0,7.0,4.0,6.0,惠特,"['LED照明產業', 'LED照明產業:生產製程、檢測設備及原物料', '其他', '其他:其他電子產品及電子服務產業', '半導體', '半導體:生產製程及檢測設備', '印刷電路板', '印刷電路板:生產製程及檢測設備']",15.0,10.0
3149,3.0,7.0,3.0,5.0,2.0,4.0,5.0,5.0,5.0,1.0,10.0,2.0,8.0,2.0,2.0,8.0,2.0,5.0,2.0,3.0,2.0,6.0,正達,"['建材營造', '建材營造:建材原料', '觸控面板', '觸控面板:玻璃基板']",36.0,8.0
3018,2.0,2.0,6.0,3.0,4.0,10.0,2.0,2.0,2.0,1.0,,2.0,,1.0,1.0,,1.0,1.0,2.0,1.0,,,同開,"['建材營造', '建材營造:機電工程', '電機機械', '電機機械:機電系統工程']",,
6547,8.0,9.0,1.0,3.0,10.0,1.0,2.0,3.0,1.0,9.0,10.0,1.0,8.0,1.0,1.0,9.0,2.0,3.0,2.0,7.0,2.0,6.0,高端疫苗,"['製藥', '製藥:中、西藥製劑', '製藥:中藥材、西藥原料藥']",48.0,8.0
3141,9.0,4.0,5.0,4.0,8.0,4.0,5.0,4.0,5.0,9.0,3.0,6.0,3.0,9.0,9.0,6.0,8.0,6.0,5.0,7.0,9.0,6.0,晶宏,"['半導體', '半導體:平面顯示器驅動IC']",35.0,15.0
6558,4.0,5.0,1.0,3.0,6.0,3.0,4.0,4.0,3.0,5.0,10.0,5.0,9.0,7.0,7.0,10.0,5.0,10.0,2.0,3.0,4.0,6.0,興能高,"['能源元件', '能源元件:電池芯']",49.0,10.0
6869,9.0,6.0,9.0,7.0,1.0,2.0,8.0,7.0,8.0,4.0,5.0,8.0,6.0,9.0,9.0,9.0,10.0,9.0,5.0,1.0,6.0,6.0,雲豹能源-創,"['太陽能產業', '太陽能產業:太陽能發電設備_系統及系統工程', '太陽能產業:太陽能電廠', '智慧電網', '智慧電網:系統整合服務', '智慧電網:能源管理服務', '智慧電網:電力零售業', '風力發電', '風力發電:發電營運', '風力發電:風場開發']",39.0,12.0
6873,9.0,5.0,9.0,8.0,3.0,10.0,7.0,8.0,7.0,5.0,8.0,7.0,6.0,6.0,6.0,8.0,7.0,9.0,6.0,2.0,4.0,6.0,泓德能源-創,"['太陽能產業', '太陽能產業:太陽能發電設備_系統及系統工程', '太陽能產業:太陽能電廠', '智慧電網', '智慧電網:系統整合服務', '智慧電網:能源管理服務', '智慧電網:電力零售業', '風力發電', '風力發電:發電營運', '風力發電:風場開發']",43.0,10.0
5546,5.0,5.0,7.0,7.0,10.0,9.0,6.0,6.0,6.0,2.0,7.0,5.0,9.0,4.0,4.0,10.0,5.0,1.0,8.0,2.0,6.0,6.0,無資料,無資料,42.0,12.0
5225,7.0,4.0,,8.0,3.0,2.0,8.0,9.0,8.0,3.0,5.0,5.0,6.0,5.0,5.0,6.0,10.0,6.0,8.0,7.0,9.0,6.0,東科-KY,"['其他', '其他:其他電子產品及電子服務產業']",33.0,15.0
6727,7.0,1.0,10.0,4.0,4.0,8.0,4.0,4.0,4.0,6.0,10.0,5.0,9.0,7.0,7.0,4.0,9.0,4.0,10.0,8.0,5.0,6.0,亞泰金屬,"['印刷電路板', '印刷電路板:生產製程及檢測設備']",38.0,11.0
4971,7.0,2.0,2.0,3.0,7.0,4.0,2.0,3.0,2.0,7.0,4.0,5.0,3.0,9.0,9.0,9.0,8.0,10.0,6.0,4.0,7.0,6.0,IET-KY,"['半導體', '半導體:其他IC_二極體製造', '半導體:砷化鎵']",40.0,13.0
2061,2.0,2.0,,3.0,4.0,9.0,3.0,3.0,3.0,1.0,10.0,3.0,7.0,4.0,4.0,10.0,4.0,1.0,2.0,3.0,6.0,6.0,風青,"['其他', '其他:其他']",34.0,12.0
5498,1.0,7.0,,3.0,3.0,3.0,3.0,3.0,3.0,1.0,1.0,2.0,1.0,2.0,2.0,1.0,2.0,10.0,4.0,5.0,3.0,6.0,凱崴,"['印刷電路板', '印刷電路板:基板組裝加工及相關製造', '印刷電路板:銅箔基板']",17.0,9.0
1598,5.0,7.0,8.0,8.0,6.0,9.0,8.0,8.0,8.0,8.0,9.0,2.0,8.0,3.0,3.0,2.0,4.0,3.0,4.0,9.0,3.0,6.0,岱宇,"['其他', '其他:其他', '運動科技', '運動科技:健身器材']",33.0,9.0
2069,2.0,7.0,8.0,8.0,3.0,8.0,9.0,8.0,9.0,1.0,4.0,3.0,8.0,2.0,2.0,8.0,1.0,4.0,9.0,9.0,7.0,6.0,運錩,"['鋼鐵', '鋼鐵:冷熱軋不鏽鋼板捲', '鋼鐵:裁剪加工']",29.0,13.0
2230,10.0,3.0,3.0,3.0,10.0,9.0,2.0,3.0,2.0,8.0,10.0,9.0,10.0,9.0,9.0,10.0,7.0,10.0,3.0,3.0,2.0,6.0,泰茂,"['電機機械', '電機機械:車用機械傳動設備及零配件']",60.0,8.0
2421,9.0,8.0,7.0,9.0,4.0,8.0,9.0,9.0,9.0,6.0,7.0,8.0,7.0,7.0,7.0,7.0,8.0,8.0,5.0,8.0,2.0,6.0,建準,"['平面顯示器', '平面顯示器:其他零組件', '醫療器材', '醫療器材:塑化材料', '電動車輛產業', '電動車輛產業:大功率鋰電池芯_模組、電池管理系統、動力馬達等零組件', '電機機械', '電機機械:車用機械傳動設備及零配件', '電機機械:輸送機械及零配件', '電腦及週邊設備', '電腦及週邊設備:散熱片、風扇馬達、散熱模組', '體驗科技', '體驗科技:散熱元件_模組']",42.0,8.0
2461,3.0,7.0,,7.0,4.0,5.0,7.0,7.0,7.0,5.0,8.0,4.0,9.0,3.0,3.0,10.0,4.0,4.0,10.0,8.0,3.0,6.0,光群雷,"['其他', '其他:其他']",38.0,9.0
2731,9.0,5.0,10.0,9.0,10.0,1.0,9.0,9.0,9.0,3.0,10.0,5.0,10.0,4.0,4.0,10.0,10.0,1.0,2.0,1.0,2.0,1.0,雄獅,"['休閒娛樂', '休閒娛樂:旅遊服務業']",50.0,3.0
3310,9.0,3.0,8.0,5.0,9.0,2.0,5.0,5.0,5.0,5.0,10.0,7.0,10.0,6.0,6.0,9.0,8.0,9.0,5.0,9.0,6.0,6.0,佳穎,"['半導體', '半導體:導線架', '建材營造', '建材營造:建設業', '汽車', '汽車:其他', '連接器', '連接器:金屬材料', '醫療器材', '醫療器材:金屬零件', '電動車輛產業', '電動車輛產業:大功率鋰電池芯_模組、電池管理系統、動力馬達等零組件', '電腦及週邊設備', '電腦及週邊設備:金屬、塑膠模具']",56.0,12.0
3325,5.0,5.0,,4.0,9.0,3.0,4.0,4.0,4.0,1.0,10.0,2.0,7.0,2.0,2.0,2.0,1.0,10.0,2.0,4.0,9.0,6.0,旭品,"['電腦及週邊設備', '電腦及週邊設備:機殼', '電腦及週邊設備:電源供應器']",43.0,15.0
3483,10.0,5.0,1.0,8.0,8.0,2.0,8.0,8.0,8.0,5.0,9.0,7.0,10.0,7.0,7.0,9.0,10.0,9.0,5.0,7.0,2.0,6.0,力致,"['LED照明產業', 'LED照明產業:燈具_應用', '電腦及週邊設備', '電腦及週邊設備:散熱片、風扇馬達、散熱模組']",55.0,8.0
4175,8.0,2.0,7.0,8.0,7.0,4.0,8.0,8.0,8.0,7.0,6.0,4.0,3.0,3.0,3.0,3.0,5.0,3.0,7.0,7.0,4.0,6.0,杏一,"['製藥', '製藥:藥品代理銷售及通路', '醫療器材', '醫療器材:醫療器材代理', '醫療器材:醫療器材代理銷售及通路', '醫療器材:醫療院所、醫療器材專賣店、藥局等通路', '食品生技', '食品生技:保健食品代理銷售及通路']",30.0,10.0
4433,5.0,3.0,6.0,7.0,10.0,10.0,6.0,6.0,6.0,5.0,7.0,5.0,6.0,5.0,5.0,7.0,7.0,8.0,8.0,6.0,5.0,6.0,興采,"['紡織', '紡織:成衣及其它家居紡織類品', '紡織:染整']",43.0,11.0
4912,8.0,3.0,6.0,7.0,6.0,7.0,7.0,7.0,7.0,6.0,6.0,7.0,8.0,6.0,6.0,6.0,9.0,8.0,6.0,6.0,7.0,6.0,聯德控股-KY,"['電腦及週邊設備', '電腦及週邊設備:散熱片、風扇馬達、散熱模組']",42.0,13.0
6593,10.0,1.0,1.0,2.0,10.0,1.0,2.0,3.0,2.0,7.0,10.0,8.0,10.0,6.0,6.0,10.0,7.0,1.0,3.0,3.0,9.0,6.0,台灣銘板,"['軟體服務', '軟體服務:資料處理服務']",51.0,15.0
6655,,4.0,7.0,6.0,5.0,8.0,5.0,5.0,5.0,9.0,4.0,9.0,4.0,8.0,8.0,5.0,8.0,6.0,2.0,7.0,,,無資料,無資料,,
7402,8.0,2.0,3.0,2.0,4.0,1.0,2.0,2.0,2.0,7.0,4.0,6.0,3.0,7.0,7.0,5.0,6.0,4.0,4.0,3.0,2.0,6.0,邑錡,"['電腦及週邊設備', '電腦及週邊設備:其他電腦及週邊設備']",28.0,8.0
8927,7.0,9.0,8.0,8.0,8.0,4.0,8.0,8.0,8.0,4.0,9.0,5.0,10.0,4.0,4.0,9.0,4.0,9.0,6.0,7.0,5.0,6.0,北基,"['油電燃氣', '油電燃氣:加油站']",52.0,11.0
